io,swagger,io.swagger.v3.oas.models.media.IntegerSchema,Application,App Configuration
io,swagger,io.swagger.v3.oas.models.media.Schema,Microservices/Services,API Gateway
io,swagger,io.swagger.v3.oas.models.media.StringSchema,Application,App Configuration
testng,annotations,org.testng.annotations.Test,Test,Unit Testing
math,math,java.math.BigDecimal,Utility,Data Conversion
util,util,java.util.HashMap,Data Structure,Data Manipulation
util,util,java.util.Map,Data Structure,Tree Structures
testng,Assert,org.testng.Assert.fail,Test,Unit Testing
fasterxml,jackson,com.fasterxml.jackson.annotation.JsonInclude,Utility,Data Conversion
fasterxml,jackson,com.fasterxml.jackson.core.util.DefaultPrettyPrinter,Utility,Data Conversion
fasterxml,jackson,com.fasterxml.jackson.databind.DeserializationFeature,Utility,Data Conversion
fasterxml,jackson,com.fasterxml.jackson.databind.ObjectMapper,Utility,Data Conversion
fasterxml,jackson,com.fasterxml.jackson.databind.SerializationFeature,Utility,Data Conversion
io,swagger,io.swagger.v3.oas.models.Components,Microservices/Services,API Gateway
io,swagger,io.swagger.v3.oas.models.ExternalDocumentation,Microservices/Services,API Gateway
io,swagger,io.swagger.v3.oas.models.OpenAPI,Microservices/Services,API Gateway
io,swagger,io.swagger.v3.oas.models.Operation,Microservices/Services,API Gateway
io,swagger,io.swagger.v3.oas.models.PathItem,Microservices/Services,API Gateway
io,swagger,io.swagger.v3.oas.models.Paths,Microservices/Services,API Gateway
io,swagger,io.swagger.v3.oas.models.info.Contact,Microservices/Services,API Gateway
io,swagger,io.swagger.v3.oas.models.info.Info,Microservices/Services,API Gateway
io,swagger,io.swagger.v3.oas.models.links.Link,Microservices/Services,API Gateway
io,swagger,io.swagger.v3.oas.models.media.Content,Microservices/Services,API Gateway
io,swagger,io.swagger.v3.oas.models.media.MediaType,Microservices/Services,API Gateway
io,swagger,io.swagger.v3.oas.models.parameters.QueryParameter,Microservices/Services,API Gateway
io,swagger,io.swagger.v3.oas.models.responses.ApiResponse,Microservices/Services,API Gateway
io,swagger,io.swagger.v3.oas.models.responses.ApiResponses,Microservices/Services,API Gateway
io,swagger,io.swagger.v3.oas.models.tags.Tag,Microservices/Services,API Gateway
util,util,java.util.ArrayList,Data Structure,Linear Structures
fasterxml,jackson,com.fasterxml.jackson.annotation.JsonView,Application,User Customization
fasterxml,jackson,com.fasterxml.jackson.databind.BeanDescription,Utility,Data Conversion
fasterxml,jackson,com.fasterxml.jackson.databind.introspect.AnnotatedField,Utility,Data Conversion
fasterxml,jackson,com.fasterxml.jackson.databind.introspect.AnnotatedMethod,Utility,Data Conversion
fasterxml,jackson,com.fasterxml.jackson.databind.introspect.AnnotationMap,Utility,Data Conversion
fasterxml,jackson,com.fasterxml.jackson.databind.introspect.BeanPropertyDefinition,Utility,Data Conversion
io,swagger,io.swagger.v3.core.util.Json,Utility,Data Conversion
io,swagger,io.swagger.v3.core.util.ParameterProcessor,Utility,Data Conversion
io,swagger,io.swagger.v3.jaxrs2.ext.AbstractOpenAPIExtension,Microservices/Services,API Gateway
io,swagger,io.swagger.v3.jaxrs2.ext.OpenAPIExtension,Microservices/Services,API Gateway
io,swagger,io.swagger.v3.jaxrs2.ext.OpenAPIExtensions,Microservices/Services,API Gateway
io,swagger,io.swagger.v3.oas.annotations.Hidden,Microservices/Services,API Gateway
io,swagger,io.swagger.v3.oas.models.parameters.Parameter,Microservices/Services,API Gateway
commons,lang3,org.apache.commons.lang3.StringUtils,Utility,Data Conversion
javax,ws,javax.ws.rs.BeanParam,Microservices/Services,Service Communication
javax,ws,javax.ws.rs.CookieParam,Microservices/Services,Service Communication
javax,ws,javax.ws.rs.HeaderParam,Microservices/Services,Service Communication
javax,ws,javax.ws.rs.PathParam,Microservices/Services,Service Communication
javax,ws,javax.ws.rs.QueryParam,Microservices/Services,Service Communication
javax,ws,javax.ws.rs.MatrixParam,Microservices/Services,Service Communication
lang,annotation,java.lang.annotation.Annotation,Language,Standard Libraries
lang,reflect,java.lang.reflect.Type,Language,Type Systems
util,util,java.util.Iterator,Data Structure,Linear Structures
util,util,java.util.List,Data Structure,Linear Structures
util,util,java.util.Set,Data Structure,Tree Structures
io,swagger,io.swagger.v3.core.util.AnnotationsUtils,Utility,System Tools
io,swagger,io.swagger.v3.oas.models.parameters.RequestBody,Microservices/Services,API Gateway
javax,ws,javax.ws.rs.Consumes,Microservices/Services,Service Communication
javax,ws,javax.ws.rs.Produces,Microservices/Services,Service Communication
util,util,java.util.Optional,Utility,Data Conversion
fasterxml,jackson,com.fasterxml.jackson.databind.JavaType,Utility,Data Conversion
io,swagger,io.swagger.v3.core.resolving.resources.MyThing,Microservices/Services,API Gateway
fasterxml,jackson,com.fasterxml.jackson.databind.introspect.AnnotatedParameter,Utility,Data Conversion
fasterxml,jackson,com.fasterxml.jackson.databind.type.TypeFactory,Utility,Data Conversion
io,swagger,io.swagger.v3.core.converter.AnnotatedType,Microservices/Services,API Gateway
io,swagger,io.swagger.v3.core.converter.ModelConverters,Microservices/Services,API Gateway
io,swagger,io.swagger.v3.core.converter.ResolvedSchema,Microservices/Services,API Gateway
io,swagger,io.swagger.v3.core.util.Json31,Utility,Data Conversion
io,swagger,io.swagger.v3.core.util.KotlinDetector,Utility,System Tools
io,swagger,io.swagger.v3.core.util.PathUtils,Utility,System Tools
io,swagger,io.swagger.v3.core.util.ReflectionUtils,Utility,System Tools
io,swagger,io.swagger.v3.jaxrs2.util.ReaderUtils,Utility,Data Conversion
io,swagger,io.swagger.v3.oas.annotations.ExternalDocumentation,Microservices/Services,API Gateway
io,swagger,io.swagger.v3.oas.annotations.OpenAPIDefinition,Microservices/Services,API Gateway
io,swagger,io.swagger.v3.oas.annotations.servers.Server,Microservices/Services,API Gateway
io,swagger,io.swagger.v3.oas.integration.ContextUtils,Microservices/Services,API Gateway
io,swagger,io.swagger.v3.oas.integration.SwaggerConfiguration,Microservices/Services,API Gateway
io,swagger,io.swagger.v3.oas.integration.api.OpenAPIConfiguration,Microservices/Services,API Gateway
io,swagger,io.swagger.v3.oas.integration.api.OpenApiReader,Microservices/Services,API Gateway
io,swagger,io.swagger.v3.oas.models.callbacks.Callback,Microservices/Services,API Gateway
io,swagger,io.swagger.v3.oas.models.media.Encoding,Microservices/Services,API Gateway
io,swagger,io.swagger.v3.oas.models.media.ObjectSchema,Microservices/Services,API Gateway
fasterxml,jackson,com.fasterxml.jackson.databind.deser.ResolvableDeserializer,Utility,Data Conversion
fasterxml,jackson,com.fasterxml.jackson.databind.deser.std.StdDeserializer,Parser,Data Conversion
io,swagger,io.swagger.v3.oas.models.security.SecurityRequirement,Security,Authorization
io,swagger,io.swagger.v3.oas.models.security.SecurityScheme,Security,Authentication
slf4j,slf4j,org.slf4j.Logger,Logging,Error Logs
slf4j,slf4j,org.slf4j.LoggerFactory,Logging,Event Logging
javax,ws,javax.ws.rs.ApplicationPath,Microservices/Services,API Gateway
javax,ws,javax.ws.rs.core.Application,Microservices/Services,Service Communication
io,io,java.io.IOException,Input-Output,Data Reading
lang,reflect,java.lang.reflect.Method,Utility,System Tools
lang,reflect,java.lang.reflect.ParameterizedType,Language,Type Systems
util,util,java.util.Arrays,Utility,Data Conversion
util,util,java.util.Collections,Utility,Performance Tools
util,util,java.util.Comparator,Utility,System Tools
io,swagger,io.swagger.v3.jaxrs2.resources.ticket3624.model.ByIdResponse,Microservices/Services,API Gateway
util,util,java.util.HashSet,Data Structure,Data Manipulation
io,swagger,io.swagger.v3.jaxrs2.resources.ticket3624.model.ContainerizedResponse,Microservices/Services,Service Communication
util,util,java.util.LinkedHashMap,Data Structure,Linear Structures
util,util,java.util.LinkedHashSet,Data Structure,Linear Structures
io,swagger,io.swagger.v3.jaxrs2.resources.ticket3624.model.Response,Application,App Configuration
util,util,java.util.TreeSet,Data Structure,Tree Structures
util,concurrent,java.util.concurrent.CompletionStage,Multi-Thread,Parallel Processing
util,stream,java.util.stream.Collectors,Utility,Data Conversion
fasterxml,jackson,com.fasterxml.jackson.databind.ObjectReader,Utility,Data Conversion
io,swagger,io.swagger.v3.oas.models.parameters.CookieParameter,Microservices/Services,API Gateway
io,swagger,io.swagger.v3.oas.models.parameters.HeaderParameter,Microservices/Services,API Gateway
io,swagger,io.swagger.v3.oas.models.parameters.PathParameter,Microservices/Services,API Gateway
io,swagger,io.swagger.v3.oas.annotations.security.OAuthScope,Security,Authorization
io,swagger,io.swagger.v3.oas.models.security.OAuthFlow,Security,Authentication
io,swagger,io.swagger.v3.oas.models.security.OAuthFlows,Security,Authorization
io,swagger,io.swagger.v3.oas.models.security.Scopes,Security,Authorization
io,swagger,io.swagger.v3.core.util.Yaml,Utility,Data Conversion
io,swagger,io.swagger.v3.core.util.Yaml31,Utility,Data Conversion
javax,ws,javax.ws.rs.core.MediaType,Microservices/Services,Service Communication
javax,ws,javax.ws.rs.core.MultivaluedMap,Microservices/Services,Service Communication
javax,ws,javax.ws.rs.ext.MessageBodyWriter,Microservices/Services,Service Communication
javax,ws,javax.ws.rs.ext.Provider,Microservices/Services,Service Communication
io,io,java.io.OutputStream,Input-Output,Data Writing
io,swagger,io.swagger.v3.oas.annotations.Operation,Microservices/Services,API Gateway
io,swagger,io.swagger.v3.oas.annotations.Parameter,Microservices/Services,API Gateway
javax,ws,javax.ws.rs.GET,Microservices/Services,Service Communication
javax,ws,javax.ws.rs.Path,Microservices/Services,Service Communication
io,swagger,io.swagger.v3.jaxrs2.resources.model.Pet,Microservices/Services,API Gateway
io,swagger,io.swagger.v3.jaxrs2.resources.model.ListOfStringsBeanParam,Microservices/Services,API Gateway
io,swagger,io.swagger.v3.oas.models.media.ArraySchema,Data Structure,Linear Structures
testng,Assert,org.testng.Assert.assertEquals,Test,Unit Testing
testng,annotations,org.testng.annotations.AfterTest,Test,Unit Testing
testng,annotations,org.testng.annotations.BeforeTest,Test,Unit Testing
io,swagger,io.swagger.v3.jaxrs2.annotations.AbstractAnnotationTest,Test,Unit Testing
io,swagger,io.swagger.v3.jaxrs2.resources.BinaryParameterResource,Microservices/Services,API Gateway
io,swagger,io.swagger.v3.jaxrs2.integration.JaxrsOpenApiContextBuilder,Microservices/Services,API Gateway
io,swagger,io.swagger.v3.oas.integration.OpenApiConfigurationException,Error Handling,Exception Handling
io,swagger,io.swagger.v3.oas.integration.OpenApiContextLocator,Microservices/Services,API Gateway
io,swagger,io.swagger.v3.oas.integration.api.OpenApiContext,Microservices/Services,API Gateway
io,swagger,io.swagger.v3.oas.models.info.License,Utility,System Tools
javax,servlet,javax.servlet.ServletConfig,Application,App Configuration
javax,servlet,javax.servlet.ServletException,Error Handling,Exception Handling
javax,servlet,javax.servlet.http.HttpServlet,Application,Integration
javax,servlet,javax.servlet.http.HttpServletRequest,Application,App Configuration
javax,servlet,javax.servlet.http.HttpServletResponse,Application,Integration
io,io,java.io.PrintWriter,Input-Output,Data Writing
util,stream,java.util.stream.Stream,Utility,Data Conversion
io,swagger,io.swagger.v3.jaxrs2.integration.ServletConfigContextUtils.getContextIdFromServletConfig,Microservices/Services,API Gateway
io,swagger,io.swagger.v3.oas.annotations.media.Content,Microservices/Services,API Gateway
io,swagger,io.swagger.v3.oas.annotations.media.Schema,Microservices/Services,API Gateway
io,swagger,io.swagger.v3.oas.annotations.parameters.RequestBody,Microservices/Services,API Gateway
io,swagger,io.swagger.v3.oas.annotations.responses.ApiResponse,Microservices/Services,API Gateway
io,swagger,io.swagger.v3.jaxrs2.resources.SimpleResourceWithVendorAnnotation,Microservices/Services,API Gateway
testng,annotations,org.testng.annotations.AfterMethod,Test,Unit Testing
testng,annotations,org.testng.annotations.BeforeMethod,Test,Unit Testing
text,text,java.text.CharacterIterator,Internationalization,Language Support
text,text,java.text.StringCharacterIterator,Internationalization,Language Support
testng,Assert,org.testng.Assert.assertNotNull,Test,Unit Testing
testng,Assert,org.testng.Assert.assertNull,Test,Unit Testing
io,swagger,io.swagger.v3.jaxrs2.matchers.SerializationMatchers,Test,Unit Testing
io,swagger,io.swagger.v3.jaxrs2.resources.EnumParameterResource,Microservices/Services,API Gateway
util,regex,java.util.regex.Matcher,Search,Query Processing
util,regex,java.util.regex.Pattern,Utility,Data Conversion
io,swagger,io.swagger.v3.oas.models.media.BinarySchema,Input-Output,Data Reading
io,swagger,io.swagger.v3.oas.models.media.ByteArraySchema,Input-Output,Data Reading
io,swagger,io.swagger.v3.oas.models.media.FileSchema,Input-Output,File Management
fasterxml,jackson,com.fasterxml.jackson.module.jaxb.JaxbAnnotationModule,Utility,Data Conversion
io,swagger,io.swagger.v3.core.util.ObjectMapperFactory,Utility,Data Conversion
io,swagger,io.swagger.v3.jaxrs2.resources.JsonIdentityCyclicResource,Microservices/Services,API Gateway
io,swagger,io.swagger.v3.jaxrs2.resources.JsonIdentityResource,Microservices/Services,API Gateway
util,util,java.util.Base64,Utility,Data Conversion
io,swagger,io.swagger.v3.oas.annotations.media.ArraySchema,Microservices/Services,API Gateway
fasterxml,jackson,com.fasterxml.jackson.annotation.JsonProperty,Utility,Data Conversion
fasterxml,jackson,com.fasterxml.jackson.core.JsonProcessingException,Error Handling,Exception Handling
text,text,java.text.SimpleDateFormat,Internationalization,Date/Time Formatting
javax,ws,javax.ws.rs.PUT,Microservices/Services,Service Communication
time,time,java.time.OffsetDateTime,Utility,System Tools
javax,ws,javax.ws.rs.core.Response,Microservices/Services,Service Communication
time,time,java.time.ZoneOffset,Utility,System Tools
testng,Assert,org.testng.Assert.assertFalse,Test,Unit Testing
testng,Assert,org.testng.Assert.assertTrue,Test,Unit Testing
commons,lang3,org.apache.commons.lang3.ArrayUtils,Utility,Data Conversion
io,swagger,io.swagger.v3.jaxrs2.petstore.EmptyPetResource,Microservices/Services,API Gateway
io,swagger,io.swagger.v3.jaxrs2.petstore.WebHookResource,Microservices/Services,API Gateway
io,swagger,io.swagger.v3.jaxrs2.petstore.callback.ComplexCallback31Resource,Microservices/Services,API Gateway
io,swagger,io.swagger.v3.jaxrs2.petstore.callback.ComplexCallbackResource,Microservices/Services,API Gateway
io,swagger,io.swagger.v3.jaxrs2.petstore.callback.MultipleCallbacksTestWithOperationResource,Test,Unit Testing
io,swagger,io.swagger.v3.jaxrs2.petstore.callback.RepeatableCallbackResource,Microservices/Services,API Gateway
io,swagger,io.swagger.v3.jaxrs2.petstore.callback.SimpleCallbackWithOperationResource,Microservices/Services,API Gateway
io,swagger,io.swagger.v3.jaxrs2.petstore.example.ExamplesResource,Microservices/Services,API Gateway
io,swagger,io.swagger.v3.jaxrs2.petstore.link.LinksAndContent31Resource,Microservices/Services,API Gateway
io,swagger,io.swagger.v3.jaxrs2.petstore.link.LinksResource,Microservices/Services,API Gateway
io,swagger,io.swagger.v3.jaxrs2.petstore.openapidefintion.OpenAPI31DefinitionResource,Microservices/Services,API Gateway
io,swagger,io.swagger.v3.jaxrs2.petstore.openapidefintion.OpenAPIDefinitionResource,Microservices/Services,API Gateway
io,swagger,io.swagger.v3.jaxrs2.petstore.operation.AnnotatedSameNameOperationResource,Microservices/Services,API Gateway
io,swagger,io.swagger.v3.jaxrs2.petstore.operation.ExternalDocumentationResource,Microservices/Services,API Gateway
io,swagger,io.swagger.v3.jaxrs2.petstore.operation.FullyAnnotatedOperationResource,Microservices/Services,API Gateway
io,swagger,io.swagger.v3.jaxrs2.petstore.operation.HiddenOperationResource,Microservices/Services,API Gateway
io,swagger,io.swagger.v3.jaxrs2.petstore.operation.NotAnnotatedSameNameOperationResource,Microservices/Services,API Gateway
io,swagger,io.swagger.v3.jaxrs2.petstore.operation.OperationResource,Microservices/Services,API Gateway
io,swagger,io.swagger.v3.jaxrs2.petstore.operation.OperationWithoutAnnotationResource,Microservices/Services,API Gateway
io,swagger,io.swagger.v3.jaxrs2.petstore.operation.ServerOperationResource,Microservices/Services,API Gateway
io,swagger,io.swagger.v3.jaxrs2.petstore.operation.SubResource,Microservices/Services,API Gateway
io,swagger,io.swagger.v3.jaxrs2.petstore.parameter.ArraySchemaResource,Microservices/Services,API Gateway
io,swagger,io.swagger.v3.jaxrs2.petstore.parameter.ComplexParameterResource,Microservices/Services,API Gateway
io,swagger,io.swagger.v3.jaxrs2.petstore.parameter.ComplexParameterWithOperationResource,Microservices/Services,API Gateway
io,swagger,io.swagger.v3.jaxrs2.petstore.parameter.MultipleNotAnnotatedParameter,Microservices/Services,API Gateway
io,swagger,io.swagger.v3.jaxrs2.petstore.parameter.OpenAPIJaxRSAnnotatedParameter,Microservices/Services,API Gateway
io,swagger,io.swagger.v3.jaxrs2.petstore.parameter.OpenAPIWithContentJaxRSAnnotatedParameter,Microservices/Services,API Gateway
io,swagger,io.swagger.v3.jaxrs2.petstore.parameter.OpenAPIWithImplementationJaxRSAnnotatedParameter,Microservices/Services,API Gateway
io,swagger,io.swagger.v3.jaxrs2.petstore.parameter.Parameters31Resource,Microservices/Services,API Gateway
io,swagger,io.swagger.v3.jaxrs2.petstore.parameter.ParametersResource,Microservices/Services,API Gateway
io,swagger,io.swagger.v3.jaxrs2.petstore.parameter.RepeatableParametersResource,Microservices/Services,API Gateway
io,swagger,io.swagger.v3.jaxrs2.petstore.parameter.SingleJaxRSAnnotatedParameter,Microservices/Services,API Gateway
io,swagger,io.swagger.v3.jaxrs2.petstore.parameter.SingleNotAnnotatedParameter,Microservices/Services,API Gateway
io,swagger,io.swagger.v3.jaxrs2.petstore.requestbody.RequestBody31Resource,Microservices/Services,API Gateway
io,swagger,io.swagger.v3.jaxrs2.petstore.requestbody.RequestBodyMethodPriorityResource,Microservices/Services,API Gateway
io,swagger,io.swagger.v3.jaxrs2.petstore.requestbody.RequestBodyParameterPriorityResource,Microservices/Services,API Gateway
io,swagger,io.swagger.v3.jaxrs2.petstore.requestbody.RequestBodyResource,Microservices/Services,API Gateway
io,swagger,io.swagger.v3.jaxrs2.petstore.responses.ComplexResponseResource,Microservices/Services,API Gateway
io,swagger,io.swagger.v3.jaxrs2.petstore.responses.ImplementationResponseResource,Microservices/Services,API Gateway
io,swagger,io.swagger.v3.jaxrs2.petstore.responses.MethodResponseResource,Microservices/Services,API Gateway
io,swagger,io.swagger.v3.jaxrs2.petstore.responses.NoImplementationResponseResource,Microservices/Services,API Gateway
io,swagger,io.swagger.v3.jaxrs2.petstore.responses.NoResponseResource,Microservices/Services,API Gateway
io,swagger,io.swagger.v3.jaxrs2.petstore.responses.OperationResponseResource,Microservices/Services,API Gateway
io,swagger,io.swagger.v3.jaxrs2.petstore.responses.PriorityResponseResource,Microservices/Services,API Gateway
io,swagger,io.swagger.v3.jaxrs2.petstore.security.SecurityResource,Security,Authentication
io,swagger,io.swagger.v3.jaxrs2.petstore.tags.CompleteTagResource,Microservices/Services,API Gateway
io,swagger,io.swagger.v3.jaxrs2.petstore.tags.TagClassResource,Microservices/Services,API Gateway
io,swagger,io.swagger.v3.jaxrs2.petstore.tags.TagMethodResource,Microservices/Services,API Gateway
io,swagger,io.swagger.v3.jaxrs2.petstore.tags.TagOpenAPIDefinitionResource,Microservices/Services,API Gateway
io,swagger,io.swagger.v3.jaxrs2.petstore.tags.TagOperationResource,Microservices/Services,API Gateway
lang,reflect,java.lang.reflect.Constructor,Utility,System Tools
io,io,java.io.File,Input-Output,File Management
net,net,java.net.URL,Network,Protocol Implementation
util,util,java.util.Enumeration,Data Structure,Data Manipulation
lang,reflect,java.lang.reflect.Modifier,Utility,System Tools
io,swagger,io.swagger.v3.core.converter.ModelConverter,Microservices/Services,API Gateway
io,swagger,io.swagger.v3.core.converter.ModelConverterContextImpl,Microservices/Services,API Gateway
text,text,java.text.NumberFormat,Internationalization,Currency Conversion
io,swagger,io.swagger.v3.core.filter.AbstractSpecFilter,Microservices/Services,API Gateway
io,swagger,io.swagger.v3.core.filter.OpenAPISpecFilter,Microservices/Services,API Gateway
io,swagger,io.swagger.v3.core.filter.SpecFilter,Microservices/Services,API Gateway
io,swagger,io.swagger.v3.core.jackson.ModelResolver,Microservices/Services,API Gateway
io,swagger,io.swagger.v3.core.model.ApiDescription,Microservices/Services,API Gateway
io,swagger,io.swagger.v3.core.util.Configuration,Utility,System Tools
io,swagger,io.swagger.v3.core.util.PrimitiveType,Utility,Data Conversion
io,swagger,io.swagger.v3.jaxrs2.petstore31.PetResource,Microservices/Services,API Gateway
io,swagger,io.swagger.v3.jaxrs2.petstore31.TagResource,Microservices/Services,API Gateway
io,swagger,io.swagger.v3.jaxrs2.resources.ArraySchemaImplementationResource,Microservices/Services,API Gateway
io,swagger,io.swagger.v3.jaxrs2.resources.DefaultResponseResource,Microservices/Services,API Gateway
io,swagger,io.swagger.v3.jaxrs2.resources.Misc31Resource,Microservices/Services,API Gateway
io,swagger,io.swagger.v3.oas.annotations.extensions.Extension,Microservices/Services,API Gateway
io,swagger,io.swagger.v3.jaxrs2.resources.ParameterMaximumValueResource,Microservices/Services,API Gateway
io,swagger,io.swagger.v3.jaxrs2.resources.ResponseReturnTypeResource,Microservices/Services,API Gateway
io,swagger,io.swagger.v3.jaxrs2.resources.SchemaAdditionalPropertiesBooleanResource,Microservices/Services,API Gateway
io,swagger,io.swagger.v3.jaxrs2.resources.SchemaAdditionalPropertiesResource,Microservices/Services,API Gateway
io,swagger,io.swagger.v3.jaxrs2.resources.SchemaPropertiesResource,Microservices/Services,API Gateway
io,swagger,io.swagger.v3.jaxrs2.resources.SiblingPropResource,Microservices/Services,API Gateway
io,swagger,io.swagger.v3.jaxrs2.resources.SiblingsResource,Microservices/Services,API Gateway
io,swagger,io.swagger.v3.jaxrs2.resources.SiblingsResourceRequestBody,Microservices/Services,API Gateway
io,swagger,io.swagger.v3.jaxrs2.resources.SiblingsResourceRequestBodyMultiple,Microservices/Services,API Gateway
io,swagger,io.swagger.v3.jaxrs2.resources.SiblingsResourceResponse,Microservices/Services,API Gateway
io,swagger,io.swagger.v3.jaxrs2.resources.SiblingsResourceSimple,Microservices/Services,API Gateway
io,swagger,io.swagger.v3.jaxrs2.resources.SingleExampleResource,Microservices/Services,API Gateway
io,swagger,io.swagger.v3.jaxrs2.resources.BasicFieldsResource,Microservices/Services,API Gateway
io,swagger,io.swagger.v3.jaxrs2.resources.BookStoreTicket2646,Microservices/Services,API Gateway
io,swagger,io.swagger.v3.jaxrs2.resources.ClassPathParentResource,Microservices/Services,API Gateway
io,swagger,io.swagger.v3.jaxrs2.resources.ClassPathSubResource,Microservices/Services,API Gateway
io,swagger,io.swagger.v3.jaxrs2.resources.CompleteFieldsResource,Microservices/Services,API Gateway
io,swagger,io.swagger.v3.jaxrs2.resources.DeprecatedFieldsResource,Microservices/Services,API Gateway
io,swagger,io.swagger.v3.jaxrs2.resources.DuplicatedOperationIdResource,Microservices/Services,API Gateway
io,swagger,io.swagger.v3.jaxrs2.resources.DuplicatedOperationMethodNameResource,Microservices/Services,API Gateway
io,swagger,io.swagger.v3.jaxrs2.resources.DuplicatedSecurityResource,Security,Authorization
io,swagger,io.swagger.v3.jaxrs2.resources.EnhancedResponsesResource,Microservices/Services,API Gateway
io,swagger,io.swagger.v3.jaxrs2.resources.ExternalDocsReference,Microservices/Services,API Gateway
io,swagger,io.swagger.v3.jaxrs2.resources.MyClass,Microservices/Services,API Gateway
io,swagger,io.swagger.v3.jaxrs2.resources.MyOtherClass,Microservices/Services,API Gateway
io,swagger,io.swagger.v3.jaxrs2.resources.RefCallbackResource,Microservices/Services,API Gateway
io,swagger,io.swagger.v3.jaxrs2.resources.RefExamplesResource,Microservices/Services,API Gateway
io,swagger,io.swagger.v3.jaxrs2.resources.RefHeaderResource,Microservices/Services,API Gateway
io,swagger,io.swagger.v3.jaxrs2.resources.RefLinksResource,Microservices/Services,API Gateway
io,swagger,io.swagger.v3.jaxrs2.resources.RefParameter3029Resource,Microservices/Services,API Gateway
io,swagger,io.swagger.v3.jaxrs2.resources.RefParameter3074Resource,Microservices/Services,API Gateway
io,swagger,io.swagger.v3.jaxrs2.resources.RefParameterResource,Microservices/Services,API Gateway
io,swagger,io.swagger.v3.jaxrs2.resources.RefRequestBodyResource,Microservices/Services,API Gateway
io,swagger,io.swagger.v3.jaxrs2.resources.RefResponsesResource,Microservices/Services,API Gateway
io,swagger,io.swagger.v3.jaxrs2.resources.RefSecurityResource,Security,Authentication
io,swagger,io.swagger.v3.jaxrs2.resources.ResourceWithSubResource,Microservices/Services,API Gateway
io,swagger,io.swagger.v3.jaxrs2.resources.ResponseContentWithArrayResource,Microservices/Services,API Gateway
io,swagger,io.swagger.v3.jaxrs2.resources.ResponsesResource,Microservices/Services,API Gateway
io,swagger,io.swagger.v3.jaxrs2.resources.SecurityResource,Security,Authentication
io,swagger,io.swagger.v3.jaxrs2.resources.ServersResource,Microservices/Services,API Gateway
io,swagger,io.swagger.v3.jaxrs2.resources.SimpleCallbackResource,Microservices/Services,API Gateway
io,swagger,io.swagger.v3.jaxrs2.resources.SimpleExamplesResource,Microservices/Services,API Gateway
io,swagger,io.swagger.v3.jaxrs2.resources.SimpleMethods,Microservices/Services,API Gateway
io,swagger,io.swagger.v3.jaxrs2.resources.SimpleParameterResource,Microservices/Services,API Gateway
io,swagger,io.swagger.v3.jaxrs2.resources.SimpleRequestBodyResource,Microservices/Services,API Gateway
io,swagger,io.swagger.v3.jaxrs2.resources.SimpleResponsesResource,Microservices/Services,API Gateway
io,swagger,io.swagger.v3.jaxrs2.resources.SubResourceHead,Microservices/Services,API Gateway
io,swagger,io.swagger.v3.jaxrs2.resources.TagsResource,Microservices/Services,API Gateway
io,swagger,io.swagger.v3.jaxrs2.resources.Test2607,Test,Unit Testing
io,swagger,io.swagger.v3.jaxrs2.resources.TestResource,Test,Unit Testing
io,swagger,io.swagger.v3.jaxrs2.resources.Ticket2340Resource,Microservices/Services,API Gateway
io,swagger,io.swagger.v3.jaxrs2.resources.Ticket2644ConcreteImplementation,Microservices/Services,API Gateway
io,swagger,io.swagger.v3.jaxrs2.resources.Ticket2763Resource,Microservices/Services,API Gateway
io,swagger,io.swagger.v3.jaxrs2.resources.Ticket2793Resource,Microservices/Services,API Gateway
io,swagger,io.swagger.v3.jaxrs2.resources.Ticket2794Resource,Microservices/Services,API Gateway
io,swagger,io.swagger.v3.jaxrs2.resources.Ticket2806Resource,Microservices/Services,API Gateway
io,swagger,io.swagger.v3.jaxrs2.resources.Ticket2818Resource,Microservices/Services,API Gateway
io,swagger,io.swagger.v3.jaxrs2.resources.Ticket2848Resource,Microservices/Services,API Gateway
io,swagger,io.swagger.v3.jaxrs2.resources.Ticket3015Resource,Microservices/Services,API Gateway
io,swagger,io.swagger.v3.jaxrs2.resources.Ticket3587Resource,Microservices/Services,API Gateway
io,swagger,io.swagger.v3.jaxrs2.resources.Ticket3731BisResource,Microservices/Services,API Gateway
io,swagger,io.swagger.v3.jaxrs2.resources.Ticket3731Resource,Microservices/Services,API Gateway
io,swagger,io.swagger.v3.jaxrs2.resources.Ticket4065Resource,Microservices/Services,API Gateway
io,swagger,io.swagger.v3.jaxrs2.resources.Ticket4412Resource,Microservices/Services,API Gateway
io,swagger,io.swagger.v3.jaxrs2.resources.Ticket4446Resource,Microservices/Services,API Gateway
io,swagger,io.swagger.v3.jaxrs2.resources.Ticket4483Resource,Microservices/Services,API Gateway
io,swagger,io.swagger.v3.jaxrs2.resources.Ticket4804CustomClass,Microservices/Services,API Gateway
io,swagger,io.swagger.v3.jaxrs2.resources.Ticket4804NotBlankResource,Microservices/Services,API Gateway
io,swagger,io.swagger.v3.jaxrs2.resources.Ticket4804ProcessorResource,Microservices/Services,API Gateway
io,swagger,io.swagger.v3.jaxrs2.resources.Ticket4804Resource,Microservices/Services,API Gateway
io,swagger,io.swagger.v3.jaxrs2.resources.Ticket4850Resource,Microservices/Services,API Gateway
io,swagger,io.swagger.v3.jaxrs2.resources.Ticket4859Resource,Microservices/Services,API Gateway
io,swagger,io.swagger.v3.jaxrs2.resources.Ticket4878Resource,Microservices/Services,API Gateway
io,swagger,io.swagger.v3.jaxrs2.resources.Ticket4879Resource,Microservices/Services,API Gateway
io,swagger,io.swagger.v3.jaxrs2.resources.UploadResource,Microservices/Services,API Gateway
io,swagger,io.swagger.v3.jaxrs2.resources.UrlEncodedResourceWithEncodings,Input-Output,Network IO
io,swagger,io.swagger.v3.jaxrs2.resources.UserAnnotationResource,Microservices/Services,API Gateway
io,swagger,io.swagger.v3.jaxrs2.resources.WebHookResource,Microservices/Services,API Gateway
io,swagger,io.swagger.v3.jaxrs2.resources.extensions.ExtensionsResource,Microservices/Services,API Gateway
io,swagger,io.swagger.v3.jaxrs2.resources.extensions.OperationExtensionsResource,Microservices/Services,API Gateway
io,swagger,io.swagger.v3.jaxrs2.resources.extensions.ParameterExtensionsResource,Microservices/Services,API Gateway
io,swagger,io.swagger.v3.jaxrs2.resources.extensions.RequestBodyExtensionsResource,Microservices/Services,API Gateway
io,swagger,io.swagger.v3.jaxrs2.resources.generics.ticket2144.ItemResource,Microservices/Services,API Gateway
io,swagger,io.swagger.v3.jaxrs2.resources.generics.ticket3149.MainResource,Microservices/Services,API Gateway
io,swagger,io.swagger.v3.jaxrs2.resources.generics.ticket3426.Ticket3426Resource,Microservices/Services,API Gateway
io,swagger,io.swagger.v3.jaxrs2.resources.generics.ticket3694.Ticket3694Resource,Microservices/Services,API Gateway
io,swagger,io.swagger.v3.jaxrs2.resources.generics.ticket3694.Ticket3694ResourceExtendedType,Microservices/Services,API Gateway
io,swagger,io.swagger.v3.jaxrs2.resources.generics.ticket3694.Ticket3694ResourceSimple,Microservices/Services,API Gateway
io,swagger,io.swagger.v3.jaxrs2.resources.generics.ticket3694.Ticket3694ResourceSimpleSameReturn,Microservices/Services,API Gateway
io,swagger,io.swagger.v3.jaxrs2.resources.rs.ProcessTokenRestService,Microservices/Services,API Gateway
io,swagger,io.swagger.v3.jaxrs2.resources.ticket3624.Service,Microservices/Services,API Gateway
io,swagger,io.swagger.v3.oas.annotations.enums.ParameterIn,Microservices/Services,API Gateway
commons,lang3,org.apache.commons.lang3.tuple.ImmutablePair,Utility,Data Conversion
commons,lang3,org.apache.commons.lang3.tuple.Pair,Utility,Data Conversion
fasterxml,jackson,com.fasterxml.jackson.core.JsonParseException,Error Handling,Exception Handling
io,swagger,io.swagger.v3.oas.models.examples.Example,Microservices/Services,API Gateway
io,swagger,io.swagger.v3.oas.models.headers.Header,Microservices/Services,API Gateway
io,swagger,io.swagger.v3.oas.models.annotations.OpenAPI30,Microservices/Services,API Gateway
javax,ws,javax.ws.rs.DELETE,Microservices/Services,Service Communication
javax,ws,javax.ws.rs.HEAD,Microservices/Services,Service Communication
javax,ws,javax.ws.rs.OPTIONS,Microservices/Services,Service Communication
javax,ws,javax.ws.rs.POST,Microservices/Services,Service Communication
net,net,java.net.URI,Network,Protocol Implementation
io,swagger,io.swagger.v3.core.matchers.SerializationMatchers,Test,Unit Testing
util,concurrent,java.util.concurrent.CompletableFuture,Multi-Thread,Parallel Processing
util,concurrent,java.util.concurrent.CopyOnWriteArrayList,Data Structure,Linear Structures
testng,Assert,org.testng.Assert.assertNotEquals,Test,Unit Testing
io,swagger,io.swagger.v3.jaxrs2.schemaResolution.SchemaResolutionResource,Microservices/Services,API Gateway
io,swagger,io.swagger.v3.core.oas.models.composition.AbstractBaseModelWithoutFields,Microservices/Services,API Gateway
io,swagger,io.swagger.v3.core.oas.models.composition.Animal,Microservices/Services,API Gateway
io,swagger,io.swagger.v3.core.oas.models.composition.AnimalClass,Microservices/Services,API Gateway
io,swagger,io.swagger.v3.core.oas.models.composition.AnimalWithSchemaSubtypes,Microservices/Services,API Gateway
io,swagger,io.swagger.v3.jaxrs2.schemaResolution.SchemaResolutionResourceSimple,Microservices/Services,API Gateway
io,swagger,io.swagger.v3.core.oas.models.composition.Human,Microservices/Services,API Gateway
io,swagger,io.swagger.v3.core.oas.models.composition.ModelWithFieldWithSubTypes,Microservices/Services,API Gateway
io,swagger,io.swagger.v3.core.util.ResourceUtils,Utility,System Tools
io,swagger,io.swagger.v3.jaxrs2.schemaResolution.SchemaResolutionAnnotatedResource,Microservices/Services,API Gateway
io,swagger,io.swagger.v3.core.oas.models.JCovariantGetter,Utility,Data Conversion
lang,annotation,java.lang.annotation.Inherited,Language,Standard Libraries
lang,annotation,java.lang.annotation.Retention,Language,Standard Libraries
lang,annotation,java.lang.annotation.RetentionPolicy,Language,Standard Libraries
lang,annotation,java.lang.annotation.Target,Language,Standard Libraries
lang,annotation,java.lang.annotation.ElementType.ANNOTATION_TYPE,Language,Standard Libraries
lang,annotation,java.lang.annotation.ElementType.TYPE,Language,Standard Libraries
lang,annotation,java.lang.annotation.ElementType.METHOD,Language,Standard Libraries
io,swagger,io.swagger.v3.core.jackson.TypeNameResolver,Utility,Data Conversion
lang,annotation,java.lang.annotation.ElementType.FIELD,Utility,System Tools
io,swagger,io.swagger.v3.core.oas.models.Model1979,Microservices/Services,API Gateway
io,swagger,io.swagger.v3.core.oas.models.ModelWithEnumField,Microservices/Services,API Gateway
io,swagger,io.swagger.v3.core.oas.models.ModelWithEnumProperty,Microservices/Services,API Gateway
io,swagger,io.swagger.v3.core.oas.models.ModelWithEnumRefProperty,Microservices/Services,API Gateway
io,swagger,io.swagger.v3.core.oas.models.ModelWithJacksonEnumField,Microservices/Services,API Gateway
io,swagger,io.swagger.v3.oas.annotations.info.Info,Microservices/Services,API Gateway
io,swagger,io.swagger.v3.oas.annotations.security.SecurityRequirement,Security,Authorization
io,swagger,io.swagger.v3.oas.annotations.tags.Tag,Microservices/Services,API Gateway
lang,annotation,java.lang.annotation.ElementType.PACKAGE,Language,Standard Libraries
io,swagger,io.swagger.v3.core.oas.models.GuavaModel,Microservices/Services,API Gateway
io,swagger,io.swagger.v3.oas.annotations.enums.Explode,Microservices/Services,API Gateway
common,collect,com.google.common.collect.ImmutableSet,Data Structure,Data Manipulation
io,swagger,io.swagger.v3.oas.annotations.enums.ParameterStyle,Microservices/Services,API Gateway
io,swagger,io.swagger.v3.core.oas.models.Cat,Microservices/Services,API Gateway
io,swagger,io.swagger.v3.oas.annotations.media.ExampleObject,Microservices/Services,API Gateway
io,swagger,io.swagger.v3.core.oas.models.ClientOptInput,Microservices/Services,API Gateway
io,swagger,io.swagger.v3.core.oas.models.Employee,Microservices/Services,API Gateway
lang,annotation,java.lang.annotation.Repeatable,Language,Standard Libraries
io,swagger,io.swagger.v3.core.oas.models.EmptyModel,Microservices/Services,API Gateway
io,swagger,io.swagger.v3.core.oas.models.JacksonReadonlyModel,Microservices/Services,API Gateway
io,swagger,io.swagger.v3.core.oas.models.JodaDateTimeModel,Utility,Data Conversion
io,swagger,io.swagger.v3.core.oas.models.Model1155,Microservices/Services,API Gateway
io,swagger,io.swagger.v3.core.oas.models.ModelPropertyName,Microservices/Services,API Gateway
io,swagger,io.swagger.v3.core.oas.models.ModelWithAltPropertyName,Microservices/Services,API Gateway
lang,annotation,java.lang.annotation.ElementType.PARAMETER,Language,Standard Libraries
io,swagger,io.swagger.v3.core.oas.models.ModelWithApiModel,Microservices/Services,API Gateway
io,swagger,io.swagger.v3.core.oas.models.ModelWithEnumArray,Microservices/Services,API Gateway
io,swagger,io.swagger.v3.core.oas.models.ModelWithFormattedStrings,Microservices/Services,API Gateway
io,swagger,io.swagger.v3.core.oas.models.ModelWithNumbers,Microservices/Services,API Gateway
io,swagger,io.swagger.v3.core.oas.models.ModelWithOffset,Microservices/Services,API Gateway
io,swagger,io.swagger.v3.core.oas.models.ModelWithTuple2,Microservices/Services,API Gateway
io,swagger,io.swagger.v3.core.oas.models.Person,Microservices/Services,API Gateway
io,swagger,io.swagger.v3.core.oas.models.composition.AbstractModelWithApiModel,Microservices/Services,API Gateway
io,swagger,io.swagger.v3.core.oas.models.composition.ModelWithUrlProperty,Microservices/Services,API Gateway
io,swagger,io.swagger.v3.core.oas.models.composition.Pet,Microservices/Services,API Gateway
testng,annotations,org.testng.annotations.Ignore,Test,Unit Testing
util,util,java.util.Date,Utility,System Tools
fasterxml,jackson,com.fasterxml.jackson.annotation.JsonSubTypes.Type,Utility,Data Conversion
util,util,java.util.UUID,Utility,System Tools
util,util,java.util.Objects,Utility,System Tools
util,function,java.util.function.Function,Utility,Data Conversion
io,swagger,io.swagger.v3.core.util.ReferenceTypeUtils,Utility,Data Conversion
io,swagger,io.swagger.v3.core.oas.models.ModelWithBooleanProperty,Microservices/Services,API Gateway
io,swagger,io.swagger.v3.core.oas.models.ModelWithModelPropertyOverrides,Microservices/Services,API Gateway
io,swagger,io.swagger.v3.core.oas.models.ModelWithPrimitiveArray,Microservices/Services,API Gateway
io,swagger,io.swagger.v3.core.oas.models.ReadOnlyFields,Microservices/Services,API Gateway
io,swagger,io.swagger.v3.core.oas.models.RequiredFields,Microservices/Services,API Gateway
util,util,java.util.TreeMap,Data Structure,Tree Structures
util,Map,java.util.Map.Entry,Data Structure,Data Manipulation
util,util,java.util.ServiceLoader,Utility,System Tools
io,swagger,io.swagger.v3.core.util.TestUtils.normalizeLineEnds,Test,Unit Testing
io,swagger,io.swagger.v3.core.util.OpenAPI30To31,Microservices/Services,API Gateway
io,swagger,io.swagger.v3.core.util.OpenAPISchema2JsonSchema,Utility,Data Conversion
io,swagger,io.swagger.v3.core.util.OutputReplacer,Utility,Data Conversion
io,swagger,io.swagger.v3.core.util.RefUtils,Utility,System Tools
fasterxml,jackson,com.fasterxml.jackson.core.Version,Utility,Data Conversion
fasterxml,jackson,com.fasterxml.jackson.databind.AnnotationIntrospector,Utility,Data Conversion
fasterxml,jackson,com.fasterxml.jackson.databind.PropertyName,Utility,Data Conversion
fasterxml,jackson,com.fasterxml.jackson.databind.jsontype.NamedType,Utility,Data Conversion
fasterxml,jackson,com.fasterxml.jackson.databind.module.SimpleModule,Utility,Data Conversion
io,swagger,io.swagger.v3.core.converter.ModelConverterContext,Microservices/Services,API Gateway
util,concurrent,java.util.concurrent.ConcurrentHashMap,Data Structure,Linear Structures
fasterxml,jackson,com.fasterxml.jackson.core.JsonGenerator,Utility,Data Conversion
fasterxml,jackson,com.fasterxml.jackson.databind.JsonSerializer,Utility,Data Conversion
fasterxml,jackson,com.fasterxml.jackson.databind.SerializerProvider,Utility,Data Conversion
io,swagger,io.swagger.v3.core.util.TestUtils,Test,Unit Testing
fasterxml,jackson,com.fasterxml.jackson.databind.JsonMappingException,Error Handling,Exception Handling
fasterxml,jackson,com.fasterxml.jackson.databind.ser.ResolvableSerializer,Utility,Data Conversion
commons,io,org.apache.commons.io.FileUtils,Input-Output,File Management
fasterxml,jackson,com.fasterxml.jackson.databind.introspect.Annotated,Utility,Data Conversion
io,swagger,io.swagger.v3.oas.models.media.MapSchema,Microservices/Services,API Gateway
io,swagger,io.swagger.v3.oas.models.media.XML,Microservices/Services,API Gateway
javax,xml,javax.xml.bind.annotation.XmlAttribute,Application,App Configuration
javax,xml,javax.xml.bind.annotation.XmlElement,Application,Integration
javax,xml,javax.xml.bind.annotation.XmlElementWrapper,Utility,Data Conversion
io,swagger,io.swagger.v3.plugins.gradle.resources.model.User,Microservices/Services,API Gateway
fasterxml,jackson,com.fasterxml.jackson.annotation.JsonIdentityInfo,Utility,Data Conversion
fasterxml,jackson,com.fasterxml.jackson.annotation.JsonIdentityReference,Utility,Data Conversion
fasterxml,jackson,com.fasterxml.jackson.annotation.JsonIgnore,Utility,Data Conversion
fasterxml,jackson,com.fasterxml.jackson.annotation.JsonIgnoreProperties,Utility,Data Conversion
fasterxml,jackson,com.fasterxml.jackson.annotation.JsonTypeInfo,Utility,Data Conversion
fasterxml,jackson,com.fasterxml.jackson.annotation.JsonTypeName,Application,Integration
fasterxml,jackson,com.fasterxml.jackson.annotation.JsonUnwrapped,Utility,Data Conversion
fasterxml,jackson,com.fasterxml.jackson.annotation.JsonValue,Application,Integration
fasterxml,jackson,com.fasterxml.jackson.annotation.ObjectIdGenerator,Utility,Data Conversion
fasterxml,jackson,com.fasterxml.jackson.annotation.ObjectIdGenerators,Utility,Data Conversion
fasterxml,jackson,com.fasterxml.jackson.databind.PropertyMetadata,Utility,Data Conversion
fasterxml,jackson,com.fasterxml.jackson.databind.annotation.JsonSerialize,Utility,Data Conversion
fasterxml,jackson,com.fasterxml.jackson.databind.introspect.AnnotatedClass,Utility,Data Conversion
fasterxml,jackson,com.fasterxml.jackson.databind.introspect.AnnotatedMember,Utility,Data Conversion
fasterxml,jackson,com.fasterxml.jackson.databind.introspect.POJOPropertyBuilder,Utility,Data Conversion
fasterxml,jackson,com.fasterxml.jackson.databind.util.Annotations,Utility,Data Conversion
io,swagger,io.swagger.v3.core.util.Constants,Utility,System Tools
io,swagger,io.swagger.v3.core.util.ValidatorProcessor,Utility,System Tools
io,swagger,io.swagger.v3.oas.annotations.StringToClassMapItem,Microservices/Services,API Gateway
io,swagger,io.swagger.v3.oas.annotations.media.DependentRequired,Microservices/Services,API Gateway
io,swagger,io.swagger.v3.oas.annotations.media.DependentSchema,Microservices/Services,API Gateway
io,swagger,io.swagger.v3.oas.annotations.media.DependentSchemas,Microservices/Services,API Gateway
io,swagger,io.swagger.v3.oas.annotations.media.DiscriminatorMapping,Microservices/Services,API Gateway
io,swagger,io.swagger.v3.oas.annotations.media.PatternProperties,Microservices/Services,API Gateway
io,swagger,io.swagger.v3.oas.annotations.media.PatternProperty,Microservices/Services,API Gateway
io,swagger,io.swagger.v3.oas.annotations.media.SchemaProperties,Microservices/Services,API Gateway
io,swagger,io.swagger.v3.oas.annotations.media.SchemaProperty,Microservices/Services,API Gateway
io,swagger,io.swagger.v3.oas.models.SpecVersion,Microservices/Services,API Gateway
io,swagger,io.swagger.v3.oas.models.media.ComposedSchema,Microservices/Services,API Gateway
io,swagger,io.swagger.v3.oas.models.media.Discriminator,Microservices/Services,API Gateway
io,swagger,io.swagger.v3.oas.models.media.JsonSchema,Application,App Configuration
io,swagger,io.swagger.v3.oas.models.media.UUIDSchema,Application,Integration
javax,validation,javax.validation.constraints.Email,Application,App Configuration
commons,lang3,org.apache.commons.lang3.math.NumberUtils,Utility,Data Conversion
javax,validation,javax.validation.constraints.DecimalMax,Application,App Configuration
javax,validation,javax.validation.constraints.DecimalMin,Application,App Configuration
javax,validation,javax.validation.constraints.Max,Application,App Configuration
javax,validation,javax.validation.constraints.Min,Application,App Configuration
javax,validation,javax.validation.constraints.NotBlank,Application,App Configuration
javax,validation,javax.validation.constraints.NotEmpty,Application,App Configuration
javax,validation,javax.validation.constraints.NotNull,Application,App Configuration
javax,validation,javax.validation.constraints.Pattern,Application,App Configuration
javax,validation,javax.validation.constraints.Size,Application,App Configuration
javax,xml,javax.xml.bind.annotation.XmlAccessType,Utility,Data Conversion
javax,xml,javax.xml.bind.annotation.XmlAccessorType,Utility,Data Conversion
common,collect,com.google.common.collect.Sets,Data Structure,Data Manipulation
io,swagger,io.swagger.v3.core.filter.resources.ChangeGetOperationsFilter,Microservices/Services,API Gateway
javax,xml,javax.xml.bind.annotation.XmlElementRef,Application,Integration
javax,xml,javax.xml.bind.annotation.XmlElementRefs,Application,Integration
javax,xml,javax.xml.bind.annotation.XmlRootElement,Application,Integration
javax,xml,javax.xml.bind.annotation.XmlSchema,Utility,Data Conversion
io,swagger,io.swagger.v3.core.filter.resources.InternalModelPropertiesRemoverFilter,Microservices/Services,API Gateway
io,swagger,io.swagger.v3.core.filter.resources.NoGetOperationsFilter,Microservices/Services,API Gateway
lang,reflect,java.lang.reflect.AnnotatedParameterizedType,Language,Type Systems
lang,reflect,java.lang.reflect.Field,Utility,System Tools
lang,reflect,java.lang.reflect.InvocationTargetException,Error Handling,Exception Handling
io,swagger,io.swagger.v3.core.filter.resources.NoOpOperationsFilter,Microservices/Services,API Gateway
io,swagger,io.swagger.v3.core.filter.resources.NoOpenAPIFilter,Microservices/Services,API Gateway
io,swagger,io.swagger.v3.core.filter.resources.NoParametersWithoutQueryInFilter,Microservices/Services,API Gateway
io,swagger,io.swagger.v3.core.filter.resources.NoPathItemFilter,Microservices/Services,API Gateway
io,swagger,io.swagger.v3.core.filter.resources.NoPetOperationsFilter,Microservices/Services,API Gateway
util,util,java.util.Collection,Data Structure,Data Manipulation
io,swagger,io.swagger.v3.core.filter.resources.NoPetRefSchemaFilter,Microservices/Services,API Gateway
io,swagger,io.swagger.v3.core.filter.resources.RemoveInternalParamsFilter,Microservices/Services,API Gateway
io,swagger,io.swagger.v3.core.filter.resources.RemoveUnreferencedDefinitionsFilter,Microservices/Services,API Gateway
io,swagger,io.swagger.v3.core.filter.resources.ReplaceGetOperationsFilter,Microservices/Services,API Gateway
io,swagger,io.swagger.v3.core.jackson.JAXBAnnotationsHelper.JAXB_DEFAULT,Utility,Data Conversion
io,swagger,io.swagger.v3.core.util.RefUtils.constructRef,Utility,System Tools
fasterxml,jackson,com.fasterxml.jackson.core.Versioned,Utility,Data Conversion
fasterxml,jackson,com.fasterxml.jackson.core.util.VersionUtil,Utility,Data Conversion
fasterxml,jackson,com.fasterxml.jackson.databind.node.NumericNode,Data Structure,Data Manipulation
common,collect,com.google.common.collect.ImmutableMap,Data Structure,Data Manipulation
commons,lang3,org.apache.commons.lang3.text.WordUtils,Utility,Data Conversion
util,util,java.util.EnumSet,Data Structure,Data Manipulation
testng,annotations,org.testng.annotations.DataProvider,Test,Unit Testing
fasterxml,jackson,com.fasterxml.jackson.databind.JsonNode,Utility,Data Conversion
io,swagger,io.swagger.v3.oas.annotations.headers.Header,Microservices/Services,API Gateway
io,swagger,io.swagger.v3.oas.annotations.extensions.ExtensionProperty,Microservices/Services,API Gateway
io,swagger,io.swagger.v3.oas.annotations.links.LinkParameter,Microservices/Services,API Gateway
io,swagger,io.swagger.v3.oas.models.headers.Header.StyleEnum,Microservices/Services,API Gateway
io,swagger,io.swagger.v3.core.oas.models.BeanValidationsModel,Microservices/Services,API Gateway
io,swagger,io.swagger.v3.oas.models.servers.Server,Microservices/Services,API Gateway
io,swagger,io.swagger.v3.oas.models.servers.ServerVariable,Microservices/Services,API Gateway
io,swagger,io.swagger.v3.oas.models.servers.ServerVariables,Microservices/Services,API Gateway
io,swagger,io.swagger.v3.core.resolving.resources.TestObject2616,Test,Unit Testing
io,swagger,io.swagger.v3.core.resolving.resources.TestObjectTicket2620,Test,Unit Testing
io,swagger,io.swagger.v3.core.resolving.resources.TestObjectTicket2620Subtypes,Test,Unit Testing
io,swagger,io.swagger.v3.core.resolving.resources.TestObjectTicket2900,Test,Unit Testing
fasterxml,jackson,com.fasterxml.jackson.core.JsonParser,Parser,Data Conversion
fasterxml,jackson,com.fasterxml.jackson.databind.DeserializationContext,Utility,Data Conversion
fasterxml,jackson,com.fasterxml.jackson.databind.JsonDeserializer,Utility,Data Conversion
io,swagger,io.swagger.v3.core.resolving.resources.TestObjectTicket4247,Test,Unit Testing
fasterxml,jackson,com.fasterxml.jackson.databind.node.ObjectNode,Data Structure,Data Manipulation
io,swagger,io.swagger.v3.core.resolving.resources.InnerType,Microservices/Services,API Gateway
common,base,com.google.common.base.Functions,Utility,Data Conversion
common,collect,com.google.common.collect.Collections2,Utility,Data Conversion
io,swagger,io.swagger.v3.oas.models.media.EncodingProperty,Microservices/Services,API Gateway
fasterxml,jackson,com.fasterxml.jackson.databind.DeserializationConfig,Utility,Data Conversion
fasterxml,jackson,com.fasterxml.jackson.databind.deser.BeanDeserializerModifier,Utility,Data Conversion
fasterxml,jackson,com.fasterxml.jackson.annotation.JsonCreator,Application,App Configuration
fasterxml,jackson,com.fasterxml.jackson.annotation.JsonSubTypes,Utility,Data Conversion
fasterxml,jackson,com.fasterxml.jackson.databind.ObjectWriter,Utility,Data Conversion
io,swagger,io.swagger.v3.core.resolving.resources.JacksonUnwrappedRequiredProperty,Utility,Data Conversion
io,swagger,io.swagger.v3.core.oas.models.ModelWithJaxBDefaultValues,Microservices/Services,API Gateway
fasterxml,jackson,com.fasterxml.jackson.databind.node.ArrayNode,Data Structure,Data Manipulation
fasterxml,jackson,com.fasterxml.jackson.databind.node.TextNode,Data Structure,Data Manipulation
io,swagger,io.swagger.v3.oas.models.media.ArbitrarySchema,Microservices/Services,API Gateway
io,swagger,io.swagger.v3.oas.models.media.BooleanSchema,Application,App Configuration
io,swagger,io.swagger.v3.oas.models.media.DateSchema,Application,App Configuration
io,swagger,io.swagger.v3.oas.models.media.DateTimeSchema,Application,App Configuration
io,swagger,io.swagger.v3.oas.models.media.EmailSchema,Application,App Configuration
joda,time,org.joda.time.DateTime,Utility,Data Conversion
io,swagger,io.swagger.v3.oas.models.media.NumberSchema,Application,App Configuration
io,swagger,io.swagger.v3.oas.models.media.PasswordSchema,Security,Authentication
joda,time,org.joda.time.LocalDate,Utility,Data Conversion
time,time,java.time.Instant,Utility,System Tools
fasterxml,jackson,com.fasterxml.jackson.core.JsonFactory,Parser,Data Conversion
fasterxml,jackson,com.fasterxml.jackson.databind.Module,Utility,Data Conversion
fasterxml,jackson,com.fasterxml.jackson.databind.SerializationConfig,Utility,Data Conversion
fasterxml,jackson,com.fasterxml.jackson.databind.ser.BeanSerializerModifier,Utility,Data Conversion
fasterxml,jackson,com.fasterxml.jackson.dataformat.yaml.YAMLFactory,Input-Output,Data Reading
fasterxml,jackson,com.fasterxml.jackson.dataformat.yaml.YAMLGenerator,Input-Output,Data Writing
fasterxml,jackson,com.fasterxml.jackson.datatype.jsr310.JavaTimeModule,Utility,Data Conversion
io,swagger,io.swagger.v3.core.jackson.ExampleSerializer,Utility,Data Conversion
io,swagger,io.swagger.v3.core.jackson.Schema31Serializer,Application,Integration
io,swagger,io.swagger.v3.core.jackson.MediaTypeSerializer,Microservices/Services,API Gateway
io,swagger,io.swagger.v3.core.jackson.SchemaSerializer,Utility,Data Conversion
io,swagger,io.swagger.v3.core.jackson.mixin.Components31Mixin,Microservices/Services,API Gateway
io,swagger,io.swagger.v3.core.jackson.mixin.ComponentsMixin,Microservices/Services,API Gateway
io,swagger,io.swagger.v3.core.jackson.mixin.DateSchemaMixin,Utility,Data Conversion
io,swagger,io.swagger.v3.core.jackson.mixin.Discriminator31Mixin,Application,Integration
io,swagger,io.swagger.v3.core.jackson.mixin.DiscriminatorMixin,Application,Integration
io,swagger,io.swagger.v3.core.jackson.mixin.ExampleMixin,Utility,Data Conversion
io,swagger,io.swagger.v3.core.jackson.mixin.ExtensionsMixin,Utility,Data Conversion
io,swagger,io.swagger.v3.core.jackson.mixin.InfoMixin,Microservices/Services,API Gateway
io,swagger,io.swagger.v3.core.jackson.mixin.LicenseMixin,Utility,Data Conversion
io,swagger,io.swagger.v3.core.jackson.mixin.MediaTypeMixin,Application,Integration
io,swagger,io.swagger.v3.core.jackson.mixin.OpenAPI31Mixin,Microservices/Services,API Gateway
io,swagger,io.swagger.v3.core.jackson.mixin.OpenAPIMixin,Microservices/Services,API Gateway
io,swagger,io.swagger.v3.core.jackson.mixin.OperationMixin,Microservices/Services,API Gateway
io,swagger,io.swagger.v3.core.jackson.mixin.Schema31Mixin,Utility,Data Conversion
io,swagger,io.swagger.v3.core.jackson.mixin.SchemaConverterMixin,Utility,Data Conversion
io,swagger,io.swagger.v3.core.jackson.mixin.SchemaMixin,Application,Integration
testng,FileAssert,org.testng.FileAssert.fail,Test,Unit Testing
io,swagger,io.swagger.v3.core.resolving.resources.User2169,Microservices/Services,API Gateway
fasterxml,jackson,com.fasterxml.jackson.databind.MapperFeature,Utility,Data Conversion
io,swagger,io.swagger.v3.oas.models.links.LinkParameter,Microservices/Services,API Gateway
io,swagger,io.swagger.v3.core.resolving.resources.JsonViewObject,Utility,Data Conversion
io,swagger,io.swagger.v3.core.resolving.SwaggerTestBase.mapper,Test,Unit Testing
io,swagger,io.swagger.v3.core.oas.models.ModelWithRanges,Microservices/Services,API Gateway
io,swagger,io.swagger.v3.core.oas.models.ApiFirstRequiredFieldModel,Microservices/Services,API Gateway
io,swagger,io.swagger.v3.core.oas.models.RequiredRefFieldModel,Microservices/Services,API Gateway
io,swagger,io.swagger.v3.core.oas.models.XmlFirstRequiredFieldModel,Microservices/Services,API Gateway
fasterxml,jackson,com.fasterxml.jackson.annotation.JsonPropertyOrder,Application,App Configuration
io,swagger,io.swagger.v3.core.resolving.resources.Ticket2862Model,Microservices/Services,API Gateway
io,swagger,io.swagger.v3.core.resolving.resources.Ticket2884Model,Microservices/Services,API Gateway
io,swagger,io.swagger.v3.core.resolving.resources.Ticket2884ModelClass,Microservices/Services,API Gateway
io,swagger,io.swagger.v3.plugins.gradle.resources.model.Category,DevOps,Continuous Integration
io,swagger,io.swagger.v3.plugins.gradle.resources.model.Tag,Microservices/Services,API Gateway
io,swagger,io.swagger.v3.core.resolving.resources.TestObject2915,Test,Unit Testing
io,swagger,io.swagger.v3.core.resolving.resources.TestObject2972,Test,Unit Testing
io,swagger,io.swagger.v3.core.resolving.resources.TestObject2992,Test,Unit Testing
io,swagger,io.swagger.v3.plugin.maven.resources.QueryResultBean,Microservices/Services,API Gateway
io,swagger,io.swagger.v3.plugin.maven.resources.data.PetData,Microservices/Services,API Gateway
io,swagger,io.swagger.v3.plugin.maven.resources.exception.NotFoundException,Error Handling,Exception Handling
io,swagger,io.swagger.v3.plugin.maven.resources.model.Pet,Microservices/Services,API Gateway
io,swagger,io.swagger.v3.core.resolving.resources.TestObject3697,Test,Unit Testing
io,swagger,io.swagger.v3.core.resolving.resources.TestObject3699,Test,Unit Testing
io,swagger,io.swagger.v3.plugin.maven.resources.model.Category,Utility,Data Conversion
io,swagger,io.swagger.v3.plugin.maven.resources.model.Tag,Microservices/Services,API Gateway
io,swagger,io.swagger.v3.plugin.maven.resources.model.User,Microservices/Services,API Gateway
fasterxml,jackson,com.fasterxml.jackson.annotation.JsonTypeInfo.Id.NAME,Application,Integration
io,swagger,io.swagger.v3.core.resolving.resources.Issue4290,Utility,Data Conversion
time,time,java.time.DayOfWeek,Utility,System Tools
javax,xml,javax.xml.datatype.XMLGregorianCalendar,Utility,Data Conversion
io,swagger,io.swagger.v3.core.oas.models.Address,Microservices/Services,API Gateway
io,swagger,io.swagger.v3.core.oas.models.Issue534,Utility,Diagnostic Utilities
io,swagger,io.swagger.v3.core.oas.models.ModelWithJAXBAnnotations,Microservices/Services,API Gateway
io,swagger,io.swagger.v3.core.oas.models.xmltest.NestedModelWithJAXBAnnotations,Utility,Data Conversion
fasterxml,jackson,com.fasterxml.jackson.dataformat.yaml.JacksonYAMLParseException,Error Handling,Exception Handling
yaml,snakeyaml,org.yaml.snakeyaml.LoaderOptions,Parser,Data Conversion
io,swagger,io.swagger.v3.core.oas.models.Car,Microservices/Services,API Gateway
io,swagger,io.swagger.v3.core.oas.models.Manufacturers,Microservices/Services,API Gateway
io,swagger,io.swagger.v3.core.oas.models.ReadOnlyModel,Microservices/Services,API Gateway
fasterxml,jackson,com.fasterxml.jackson.core.util.DefaultIndenter,Utility,Data Conversion
fasterxml,jackson,com.fasterxml.jackson.databind.json.JsonMapper,Utility,Data Conversion
io,io,java.io.Serializable,Input-Output,Data Writing
math,math,java.math.BigInteger,Utility,Data Conversion
io,io,java.io.ByteArrayOutputStream,Input-Output,Data Writing
io,io,java.io.PrintStream,Input-Output,Data Writing
io,io,java.io.UnsupportedEncodingException,Internationalization,Language Support
nio,charset,java.nio.charset.StandardCharsets,Internationalization,Language Support
util,concurrent,java.util.concurrent.atomic.AtomicReference,Multi-Thread,Thread Safety
commons,io,org.apache.commons.io.IOUtils,Input-Output,Data Reading
io,io,java.io.InputStream,Input-Output,Data Reading
maven,artifact,org.apache.maven.artifact.Artifact,DevOps,Version Control
maven,plugin,org.apache.maven.plugin.AbstractMojo,DevOps,Continuous Integration
maven,plugin,org.apache.maven.plugin.MojoFailureException,Error Handling,Exception Handling
maven,plugins,org.apache.maven.plugins.annotations.Component,DevOps,Continuous Integration
maven,plugins,org.apache.maven.plugins.annotations.LifecyclePhase,DevOps,Continuous Integration
maven,plugins,org.apache.maven.plugins.annotations.Mojo,DevOps,Continuous Integration
maven,plugins,org.apache.maven.plugins.annotations.Parameter,DevOps,Continuous Integration
maven,plugins,org.apache.maven.plugins.annotations.ResolutionScope,DevOps,Continuous Integration
maven,project,org.apache.maven.project.MavenProject,DevOps,Continuous Integration
maven,project,org.apache.maven.project.MavenProjectHelper,DevOps,Continuous Integration
eclipse,transformer,org.eclipse.transformer.Transformer,Utility,Data Conversion
eclipse,transformer,org.eclipse.transformer.jakarta.JakartaTransformer,Utility,Data Conversion
io,swagger,io.swagger.v3.plugins.gradle.tasks.ResolveTask,DevOps,Continuous Integration
gradle,api,org.gradle.api.Action,DevOps,Configuration Management
gradle,api,org.gradle.api.Plugin,DevOps,Configuration Management
gradle,api,org.gradle.api.Project,DevOps,Configuration Management
gradle,api,org.gradle.api.artifacts.Configuration,DevOps,Configuration Management
gradle,api,org.gradle.api.artifacts.DependencySet,DevOps,Configuration Management
gradle,api,org.gradle.api.tasks.SourceSetContainer,DevOps,Configuration Management
gradle,api,org.gradle.api.tasks.TaskProvider,DevOps,Continuous Integration
lang,String,java.lang.String.format,Utility,Data Conversion
gradle,testkit,org.gradle.testkit.runner.TaskOutcome.SUCCESS,Test,Unit Testing
io,io,java.io.BufferedWriter,Input-Output,Data Writing
io,io,java.io.FileWriter,Input-Output,Data Writing
nio,file,java.nio.file.Files,Input-Output,"Data Reading, Data Writing, File Management"
nio,file,java.nio.file.Path,Input-Output,File Management
nio,file,java.nio.file.Paths,Input-Output,File Management
gradle,testkit,org.gradle.testkit.runner.BuildResult,Test,Unit Testing
gradle,testkit,org.gradle.testkit.runner.GradleRunner,Test,Unit Testing
io,io,java.io.BufferedInputStream,Input-Output,Buffering Strategies
io,io,java.io.FileOutputStream,Input-Output,Data Writing
io,io,java.io.FileInputStream,Input-Output,Data Reading
fasterxml,jackson,com.fasterxml.jackson.annotation.JsonAnyGetter,Utility,Data Conversion
fasterxml,jackson,com.fasterxml.jackson.annotation.JsonAnySetter,Utility,Data Conversion
io,io,java.io.OutputStreamWriter,Input-Output,Data Writing
nio,file,java.nio.file.CopyOption,Input-Output,File Management
nio,file,java.nio.file.FileSystem,Input-Output,File Management
nio,file,java.nio.file.FileSystems,Input-Output,File Management
nio,file,java.nio.file.FileVisitResult,Input-Output,File Management
nio,file,java.nio.file.LinkOption,Input-Output,File Management
io,swagger,io.swagger.v3.core.filter.OpenAPI31SpecFilter,Microservices/Services,API Gateway
nio,file,java.nio.file.SimpleFileVisitor,Input-Output,File Management
io,swagger,io.swagger.v3.core.jackson.PathsSerializer,Utility,Data Conversion
nio,file,java.nio.file.StandardCopyOption,Input-Output,File Management
nio,file,java.nio.file.attribute.BasicFileAttributes,Input-Output,File Management
io,swagger,io.swagger.v3.oas.integration.api.ObjectMapperProcessor,Microservices/Services,API Gateway
io,swagger,io.swagger.v3.oas.integration.api.OpenApiConfigurationLoader,Microservices/Services,API Gateway
io,swagger,io.swagger.v3.oas.integration.api.OpenApiScanner,Microservices/Services,API Gateway
util,zip,java.util.zip.ZipEntry,Utility,System Tools
util,zip,java.util.zip.ZipInputStream,Input-Output,Data Reading
util,zip,java.util.zip.ZipOutputStream,Input-Output,Data Writing
io,swagger,io.swagger.v3.oas.integration.api.OpenApiContextBuilder,Microservices/Services,API Gateway
io,github,io.github.classgraph.ClassGraph,Utility,System Tools
io,github,io.github.classgraph.ScanResult,Utility,System Tools
io,swagger,io.swagger.v3.oas.annotations.Webhooks,Microservices/Services,API Gateway
util,concurrent,java.util.concurrent.ConcurrentMap,Data Structure,Data Manipulation
io,swagger,io.swagger.v3.oas.integration.api.OpenAPIConfigBuilder,Microservices/Services,API Gateway
io,swagger,io.swagger.v3.java17.matchers.SerializationMatchers,Test,Unit Testing
io,swagger,io.swagger.v3.java17.resources.JavaRecordWithPathResource,Input-Output,Data Reading
io,swagger,io.swagger.v3.java17.resources.OtherJavaRecordWithPathsResource,Microservices/Services,API Gateway
io,swagger,io.swagger.v3.java17.resources.TestControllerWithRecordResource,Test,Unit Testing
io,swagger,io.swagger.v3.jaxrs2.Reader,Microservices/Services,API Gateway
io,swagger,io.swagger.v3.java17.resources.SchemaResolutionWithRecordSimpleResource,Microservices/Services,API Gateway
io,swagger,io.swagger.v3.java17.resources.SchemaResolutionWithRecordsResource,Microservices/Services,API Gateway
io,swagger,io.swagger.v3.jaxrs2.ResolvedParameter,Microservices/Services,API Gateway
io,swagger,io.swagger.v3.jaxrs2.DefaultParameterExtension,Microservices/Services,API Gateway
io,swagger,io.swagger.v3.jaxrs2.integration.api.JaxrsOpenApiScanner,Microservices/Services,API Gateway
io,swagger,io.swagger.v3.oas.integration.IgnoredPackages,Microservices/Services,API Gateway
io,swagger,io.swagger.v3.oas.integration.GenericOpenApiContext,Microservices/Services,API Gateway
io,swagger,io.swagger.v3.oas.integration.GenericOpenApiContextBuilder,Microservices/Services,API Gateway
io,swagger,io.swagger.v3.jaxrs2.util.ServletUtils,Utility,System Tools
io,swagger,io.swagger.v3.oas.integration.ClasspathOpenApiConfigurationLoader,Microservices/Services,API Gateway
io,swagger,io.swagger.v3.oas.integration.FileOpenApiConfigurationLoader,Microservices/Services,API Gateway
io,swagger,io.swagger.v3.jaxrs2.integration.ServletConfigContextUtils.OPENAPI_CONFIGURATION_BUILDER_KEY,Microservices/Services,API Gateway
io,swagger,io.swagger.v3.jaxrs2.integration.ServletConfigContextUtils.OPENAPI_CONFIGURATION_CACHE_TTL_KEY,Microservices/Services,API Gateway
io,swagger,io.swagger.v3.jaxrs2.integration.ServletConfigContextUtils.OPENAPI_CONFIGURATION_FILTER_KEY,Microservices/Services,API Gateway
io,swagger,io.swagger.v3.jaxrs2.integration.ServletConfigContextUtils.OPENAPI_CONFIGURATION_OBJECT_MAPPER_PROCESSOR_KEY,Microservices/Services,API Gateway
io,swagger,io.swagger.v3.jaxrs2.integration.ServletConfigContextUtils.OPENAPI_CONFIGURATION_DEFAULT_RESPONSE_CODE_KEY,Microservices/Services,API Gateway
io,swagger,io.swagger.v3.jaxrs2.integration.ServletConfigContextUtils.OPENAPI_CONFIGURATION_GROUPS_VALIDATION_STRATEGY,Microservices/Services,API Gateway
io,swagger,io.swagger.v3.jaxrs2.integration.ServletConfigContextUtils.OPENAPI_CONFIGURATION_VALIDATOR_PROCESSOR_CLASS,Microservices/Services,API Gateway
io,swagger,io.swagger.v3.jaxrs2.integration.ServletConfigContextUtils.OPENAPI_CONFIGURATION_OPENAPI_31_KEY,Microservices/Services,API Gateway
io,swagger,io.swagger.v3.jaxrs2.integration.ServletConfigContextUtils.OPENAPI_CONFIGURATION_CONVERT_TO_OPENAPI_31_KEY,Microservices/Services,API Gateway
io,swagger,io.swagger.v3.jaxrs2.integration.ServletConfigContextUtils.OPENAPI_CONFIGURATION_PRETTYPRINT_KEY,Microservices/Services,API Gateway
io,swagger,io.swagger.v3.jaxrs2.integration.ServletConfigContextUtils.OPENAPI_CONFIGURATION_READALLRESOURCES_KEY,Microservices/Services,API Gateway
io,swagger,io.swagger.v3.jaxrs2.integration.ServletConfigContextUtils.OPENAPI_CONFIGURATION_READER_KEY,Microservices/Services,API Gateway
io,swagger,io.swagger.v3.jaxrs2.integration.ServletConfigContextUtils.OPENAPI_CONFIGURATION_SCANNER_KEY,Microservices/Services,API Gateway
io,swagger,io.swagger.v3.jaxrs2.integration.ServletConfigContextUtils.OPENAPI_CONFIGURATION_SCHEMA_RESOLUTION_KEY,Microservices/Services,API Gateway
io,swagger,io.swagger.v3.jaxrs2.integration.ServletConfigContextUtils.OPENAPI_CONFIGURATION_OPENAPI_VERSION_KEY,Microservices/Services,API Gateway
io,swagger,io.swagger.v3.jaxrs2.integration.ServletConfigContextUtils.OPENAPI_CONFIGURATION_SKIPRESOLVEAPPPATH_KEY,Microservices/Services,API Gateway
io,swagger,io.swagger.v3.jaxrs2.integration.ServletConfigContextUtils.OPENAPI_CONFIGURATION_SORTOUTPUT_KEY,Microservices/Services,API Gateway
io,swagger,io.swagger.v3.jaxrs2.integration.ServletConfigContextUtils.OPENAPI_CONFIGURATION_ALWAYSRESOLVEAPPPATH_KEY,Microservices/Services,API Gateway
io,swagger,io.swagger.v3.jaxrs2.integration.ServletConfigContextUtils.getBooleanInitParam,Utility,System Tools
io,swagger,io.swagger.v3.jaxrs2.integration.ServletConfigContextUtils.getInitParam,Microservices/Services,API Gateway
io,swagger,io.swagger.v3.jaxrs2.integration.ServletConfigContextUtils.getLongInitParam,Input-Output,Network IO
io,swagger,io.swagger.v3.jaxrs2.integration.ServletConfigContextUtils.resolveModelConverterClasses,Microservices/Services,API Gateway
io,swagger,io.swagger.v3.jaxrs2.integration.ServletConfigContextUtils.resolveResourceClasses,Microservices/Services,API Gateway
io,swagger,io.swagger.v3.jaxrs2.integration.ServletConfigContextUtils.resolveResourcePackages,Microservices/Services,API Gateway
io,swagger,io.swagger.v3.oas.integration.StringOpenApiConfigurationLoader,Microservices/Services,API Gateway
io,swagger,io.swagger.v3.jaxrs2.integration.api.WebOpenApiContext,Microservices/Services,API Gateway
javax,servlet,javax.servlet.ServletContext,Application,App Configuration
util,util,java.util.LinkedList,Data Structure,Linear Structures
javax,ws,javax.ws.rs.HttpMethod,Microservices/Services,Service Communication
javax,ws,javax.ws.rs.core.Context,Microservices/Services,Service Communication
javax,servlet,javax.servlet.http.Cookie,Application,App Configuration
javax,ws,javax.ws.rs.core.MultivaluedHashMap,Microservices/Services,Service Communication
net,net,java.net.URLDecoder,Utility,Data Conversion
jboss,arquillian,org.jboss.arquillian.container.test.api.Deployment,Test,Integration Testing
jboss,arquillian,org.jboss.arquillian.testng.Arquillian,Test,Integration Testing
jboss,shrinkwrap,org.jboss.shrinkwrap.api.ShrinkWrap,DevOps,Continuous Integration
jboss,shrinkwrap,org.jboss.shrinkwrap.api.spec.JavaArchive,DevOps,Continuous Integration
testng,testng,org.testng.AssertJUnit,Test,Unit Testing
io,swagger,io.swagger.v3.jaxrs2.SwaggerSerializers,Microservices/Services,API Gateway
io,swagger,io.swagger.v3.jaxrs2.integration.resources.OpenApiResource,Microservices/Services,API Gateway
javax,enterprise,javax.enterprise.inject.spi.Extension,Microservices/Services,Service Communication
javax,inject,javax.inject.Inject,Microservices/Services,Service Communication
javax,enterprise,javax.enterprise.event.Observes,Event Handling,Event Driven Processing
javax,enterprise,javax.enterprise.inject.spi.AnnotatedType,Microservices/Services,Service Communication
javax,enterprise,javax.enterprise.inject.spi.ProcessAnnotatedType,Microservices/Services,Service Communication
javax,enterprise,javax.enterprise.inject.spi.WithAnnotations,Microservices/Services,Service Communication
my,project,org.my.project.resources.ResourceInPackageB,Utility,Data Conversion
my,project,com.my.project.resources.ResourceInPackageA,Utility,Data Conversion
io,restassured,io.restassured.http.ContentType,Test,Integration Testing
testng,testng,org.testng.SkipException,Test,Unit Testing
io,restassured,io.restassured.RestAssured.given,Test,Integration Testing
io,swagger,io.swagger.v3.jaxrs2.resources.QueryResultBean,Microservices/Services,API Gateway
io,swagger,io.swagger.v3.jaxrs2.resources.data.PetData,Microservices/Services,API Gateway
io,swagger,io.swagger.v3.jaxrs2.resources.exception.NotFoundException,Error Handling,Exception Handling
io,swagger,io.swagger.v3.oas.annotations.Webhook,Microservices/Services,API Gateway
io,swagger,io.swagger.v3.jaxrs2.resources.model.Category,Microservices/Services,API Gateway
javax,ws,javax.ws.rs.core.UriInfo,Microservices/Services,Service Communication
io,swagger,io.swagger.v3.jaxrs2.resources.model.Item,Microservices/Services,API Gateway
javax,ws,javax.ws.rs.DefaultValue,Microservices/Services,Service Communication
io,swagger,io.swagger.v3.oas.annotations.enums.SecuritySchemeIn,Security,Authentication
io,swagger,io.swagger.v3.oas.annotations.enums.SecuritySchemeType,Security,Authentication
io,swagger,io.swagger.v3.oas.annotations.security.OAuthFlow,Security,Authorization
io,swagger,io.swagger.v3.oas.annotations.security.OAuthFlows,Security,Authorization
io,swagger,io.swagger.v3.oas.annotations.security.SecurityScheme,Security,Authentication
javax,ws,javax.ws.rs.core.SecurityContext,Security,Authorization
io,swagger,io.swagger.v3.jaxrs2.resources.data.UserData,Microservices/Services,API Gateway
io,swagger,io.swagger.v3.jaxrs2.resources.model.User,Microservices/Services,API Gateway
io,swagger,io.swagger.v3.jaxrs2.resources.model.ModelWithJsonIdentityCyclic,Microservices/Services,API Gateway
io,swagger,io.swagger.v3.jaxrs2.resources.model.ModelWithJsonIdentity,Microservices/Services,API Gateway
io,swagger,io.swagger.v3.jaxrs2.resources.model.MultipleBaseBean,Microservices/Services,API Gateway
io,swagger,io.swagger.v3.jaxrs2.ReaderListener,Microservices/Services,API Gateway
io,swagger,io.swagger.v3.oas.annotations.callbacks.Callback,Microservices/Services,API Gateway
io,swagger,io.swagger.v3.oas.annotations.callbacks.Callbacks,Microservices/Services,API Gateway
io,swagger,io.swagger.v3.jaxrs2.petstore.example.SubscriptionResponse,Microservices/Services,API Gateway
io,swagger,io.swagger.v3.oas.annotations.links.Link,Microservices/Services,API Gateway
io,swagger,io.swagger.v3.oas.annotations.responses.ApiResponses,Microservices/Services,API Gateway
io,swagger,io.swagger.v3.jaxrs2.resources.model.JacksonBean,Microservices/Services,API Gateway
io,swagger,io.swagger.v3.jaxrs2.resources.model.MultipleSub1Bean,Microservices/Services,API Gateway
io,swagger,io.swagger.v3.jaxrs2.resources.model.MultipleSub2Bean,Microservices/Services,API Gateway
io,swagger,io.swagger.v3.oas.annotations.servers.ServerVariable,Microservices/Services,API Gateway
io,swagger,io.swagger.v3.jaxrs2.resources.siblings.Pet,Microservices/Services,API Gateway
io,swagger,io.swagger.v3.jaxrs2.resources.siblings.PetSimple,Microservices/Services,API Gateway
io,swagger,io.swagger.v3.jaxrs2.resources.model.NotFoundModel,Error Handling,Exception Handling
javax,ws,javax.ws.rs.WebApplicationException,Error Handling,Exception Handling
lang,annotation,java.lang.annotation.ElementType,Language,Standard Libraries
io,swagger,io.swagger.v3.oas.annotations.parameters.ValidatedParameter,Microservices/Services,API Gateway
javax,validation,javax.validation.Valid,Application,App Configuration
glassfish,jersey,org.glassfish.jersey.media.multipart.FormDataContentDisposition,Microservices/Services,Service Communication
glassfish,jersey,org.glassfish.jersey.media.multipart.FormDataParam,Application,Integration
javax,ws,javax.ws.rs.FormParam,Microservices/Services,Service Communication
io,swagger,io.swagger.v3.oas.annotations.enums.Explode.FALSE,Microservices/Services,API Gateway
io,swagger,io.swagger.v3.oas.annotations.enums.Explode.TRUE,Microservices/Services,API Gateway
io,swagger,io.swagger.v3.jaxrs2.resources.exception.ApiException,Error Handling,Exception Handling
net,net,java.net.URLEncoder,Network,Data Transmission
nio,charset,java.nio.charset.StandardCharsets.UTF_8,Internationalization,Language Support
javax,servlet,javax.servlet.ServletContainerInitializer,Application,Integration
javax,servlet,javax.servlet.annotation.HandlesTypes,Microservices/Services,Service Communication
codehaus,plexus,org.codehaus.plexus.classworlds.realm.ClassRealm,Utility,System Tools
codehaus,plexus,org.codehaus.plexus.component.annotations.Component,DevOps,Configuration Management
codehaus,plexus,org.codehaus.plexus.component.configurator.AbstractComponentConfigurator,DevOps,Configuration Management
codehaus,plexus,org.codehaus.plexus.component.configurator.ComponentConfigurationException,Error Handling,Exception Handling
codehaus,plexus,org.codehaus.plexus.component.configurator.ComponentConfigurator,DevOps,Configuration Management
codehaus,plexus,org.codehaus.plexus.component.configurator.ConfigurationListener,DevOps,Configuration Management
codehaus,plexus,org.codehaus.plexus.component.configurator.converters.composite.ObjectWithFieldsConverter,Utility,Data Conversion
codehaus,plexus,org.codehaus.plexus.component.configurator.expression.ExpressionEvaluationException,Error Handling,Exception Handling
codehaus,plexus,org.codehaus.plexus.component.configurator.expression.ExpressionEvaluator,Utility,Data Conversion
codehaus,plexus,org.codehaus.plexus.configuration.PlexusConfiguration,Utility,Data Conversion
net,net,java.net.MalformedURLException,Network,Protocol Implementation
maven,plugin,org.apache.maven.plugin.MojoExecutionException,Error Handling,Exception Handling
codehaus,plexus,org.codehaus.plexus.util.FileUtils,Utility,System Tools
codehaus,plexus,org.codehaus.plexus.util.StringUtils,Utility,Data Conversion
nio,charset,java.nio.charset.Charset,Internationalization,Language Support
util,function,java.util.function.BiFunction,Utility,Data Conversion
commons,lang3,org.apache.commons.lang3.RandomStringUtils,Utility,Data Conversion
util,function,java.util.function.Consumer,Utility,Data Conversion
maven,maven,org.apache.maven.DefaultMaven,DevOps,Continuous Integration
maven,maven,org.apache.maven.Maven,DevOps,Continuous Integration
maven,plugin,org.apache.maven.plugin.Mojo,DevOps,Continuous Integration
maven,plugin,org.apache.maven.plugin.testing.AbstractMojoTestCase,Test,Unit Testing
maven,project,org.apache.maven.project.ProjectBuilder,DevOps,Continuous Integration
maven,project,org.apache.maven.project.ProjectBuildingRequest,DevOps,Continuous Integration
eclipse,aether,org.eclipse.aether.DefaultRepositorySystemSession,DevOps,Configuration Management
eclipse,aether,org.eclipse.aether.internal.impl.SimpleLocalRepositoryManagerFactory,DevOps,Version Control
eclipse,aether,org.eclipse.aether.repository.LocalRepository,DevOps,Version Control
io,swagger,io.swagger.v3.oas.models.annotations.OpenAPI31,Microservices/Services,API Gateway
io,swagger,io.swagger.v3.oas.annotations.OpenAPI31,Microservices/Services,API Gateway
io,swagger,io.swagger.v3.core.jackson.CallbackSerializer,Utility,Data Conversion
fasterxml,jackson,com.fasterxml.jackson.annotation.JsonFormat,Utility,Data Conversion
io,swagger,io.swagger.v3.core.jackson.ApiResponsesSerializer,Microservices/Services,API Gateway
io,swagger,io.swagger.v3.core.resolving.resources.BidimensionalArray,Data Structure,Linear Structures
io,swagger,io.swagger.v3.core.converting.override.resources.GenericModel,Microservices/Services,API Gateway
io,swagger,io.swagger.v3.core.jackson.AbstractModelConverter,Microservices/Services,API Gateway
io,swagger,io.swagger.v3.core.converting.override.resources.MyCustomClass,Microservices/Services,API Gateway
io,swagger,io.swagger.v3.core.util.RefUtils.extractSimpleName,Utility,Data Conversion
javax,annotation,javax.annotation.Nonnull,Utility,System Tools
fasterxml,jackson,com.fasterxml.jackson.annotation.JsonInclude.Include,Utility,Data Conversion
fasterxml,jackson,com.fasterxml.jackson.annotation.JsonRootName,Application,App Configuration
fasterxml,jackson,com.fasterxml.jackson.annotation.JsonTypeInfo.As,Utility,Data Conversion
fasterxml,jackson,com.fasterxml.jackson.annotation.JsonTypeInfo.Id,Application,Integration
common,base,com.google.common.base.Optional,Utility,Data Conversion
javax,xml,javax.xml.bind.annotation.XmlEnum,Utility,Data Conversion
javax,xml,javax.xml.bind.annotation.XmlEnumValue,Utility,Data Conversion
javax,xml,javax.xml.bind.annotation.XmlType,Application,Integration
time,time,java.time.LocalDateTime,Utility,System Tools
time,time,java.time.LocalTime,Utility,System Tools
io,swagger,io.swagger.v3.core.resolving.SwaggerTestBase,Test,Unit Testing
io,swagger,io.swagger.v3.core.resolving.resources.TestArrayType,Test,Unit Testing
io,swagger,io.swagger.v3.core.resolving.resources.TestObject4715,Test,Unit Testing
io,swagger,io.swagger.v3.core.resolving.v31.model.AnnotatedArray,Utility,Data Conversion
io,swagger,io.swagger.v3.core.resolving.v31.model.ModelWithDependentSchema,Microservices/Services,API Gateway
io,swagger,io.swagger.v3.core.resolving.v31.model.ModelWithOAS31Stuff,Microservices/Services,API Gateway
io,swagger,io.swagger.v3.core.resolving.v31.model.AnnotatedPet,Microservices/Services,API Gateway
io,swagger,io.swagger.v3.core.resolving.v31.model.AnnotatedPetSinglePatternProperty,Microservices/Services,API Gateway
io,swagger,io.swagger.v3.core.util.reflection.resources.Child,Utility,Data Conversion
io,swagger,io.swagger.v3.core.util.reflection.resources.IParent,Utility,System Tools
io,swagger,io.swagger.v3.core.util.reflection.resources.ObjectWithManyFields,Utility,Data Conversion
io,swagger,io.swagger.v3.core.util.reflection.resources.Parent,Utility,System Tools
gradle,api,org.gradle.api.DefaultTask,DevOps,Continuous Integration
gradle,api,org.gradle.api.GradleException,Error Handling,Exception Handling
gradle,api,org.gradle.api.file.ConfigurableFileCollection,DevOps,Configuration Management
gradle,api,org.gradle.api.file.DirectoryProperty,DevOps,Configuration Management
gradle,api,org.gradle.api.file.RegularFileProperty,DevOps,Configuration Management
gradle,api,org.gradle.api.provider.Property,DevOps,Configuration Management
gradle,api,org.gradle.api.provider.Provider,DevOps,Configuration Management
gradle,api,org.gradle.api.provider.SetProperty,DevOps,Configuration Management
jetbrains,annotations,org.jetbrains.annotations.Nullable,Error Handling,Error Prevention
net,net,java.net.URLClassLoader,Utility,System Tools
io,swagger,io.swagger.v3.plugins.gradle.resources.QueryResultBean,Utility,Data Conversion
io,swagger,io.swagger.v3.plugins.gradle.resources.data.PetData,Microservices/Services,API Gateway
io,swagger,io.swagger.v3.plugins.gradle.resources.exception.NotFoundException,Error Handling,Exception Handling
io,swagger,io.swagger.v3.plugins.gradle.resources.model.Pet,Microservices/Services,API Gateway
io,io,java.io.BufferedReader,Input-Output,Data Reading
io,io,java.io.InputStreamReader,Input-Output,Data Reading
io,swagger,io.swagger.v3.java17.resolving.SwaggerTestBase,Test,Unit Testing
javax,ws,javax.ws.rs.core.HttpHeaders,Microservices/Services,Service Communication
io,swagger,io.swagger.v3.oas.annotations.info.Contact,Microservices/Services,API Gateway
io,swagger,io.swagger.v3.oas.annotations.info.License,Microservices/Services,API Gateway
io,swagger,io.swagger.v3.oas.annotations.media.Encoding,Microservices/Services,API Gateway
io,swagger,io.swagger.v3.jaxrs2.resources.GenericResponsesResource,Microservices/Services,API Gateway
io,swagger,io.swagger.v3.jaxrs2.resources.HiddenAnnotatedUserResource,Microservices/Services,API Gateway
io,swagger,io.swagger.v3.jaxrs2.resources.HiddenUserResource,Microservices/Services,API Gateway
io,swagger,io.swagger.v3.jaxrs2.resources.PetResource,Microservices/Services,API Gateway
io,swagger,io.swagger.v3.jaxrs2.resources.PetResourceSlashesinPath,Microservices/Services,API Gateway
io,swagger,io.swagger.v3.jaxrs2.resources.SimpleUserResource,Microservices/Services,API Gateway
io,swagger,io.swagger.v3.jaxrs2.resources.UserResource,Microservices/Services,API Gateway
io,swagger,io.swagger.v3.jaxrs2.resources.ResourceWithJacksonBean,Microservices/Services,API Gateway
io,swagger,io.swagger.v3.jaxrs2.resources.ResourceWithKnownInjections,Microservices/Services,API Gateway
io,swagger,io.swagger.v3.jaxrs2.resources.ReaderListenerResource,Microservices/Services,API Gateway
io,swagger,io.swagger.v3.jaxrs2.it.resources.MultiPartFileResource,Input-Output,File Management
io,swagger,io.swagger.v3.jaxrs2.it.resources.OctetStreamResource,Input-Output,Network IO
io,swagger,io.swagger.v3.jaxrs2.it.resources.UrlEncodedResource,Input-Output,Network IO
javax,ws,javax.ws.rs.PATCH,Microservices/Services,Service Communication
io,swagger,io.swagger.v3.jaxrs2.it.model.Widget,Microservices/Services,API Gateway
javax,ws,javax.ws.rs.NotFoundException,Error Handling,Exception Handling
io,swagger,io.swagger.v3.jaxrs2.resources.model.Tag,Microservices/Services,API Gateway
io,swagger,io.swagger.v3.jaxrs2.resources.model.ExtensionUser,Microservices/Services,API Gateway
