iluwatar,event,com.iluwatar.event.sourcing.app.App.ACCOUNT_OF_DAENERYS,,
iluwatar,event,com.iluwatar.event.sourcing.app.App.ACCOUNT_OF_JON,,
junit,jupiter,org.junit.jupiter.api.Assertions.assertEquals,,
iluwatar,event,com.iluwatar.event.sourcing.event.AccountCreateEvent,,
iluwatar,event,com.iluwatar.event.sourcing.event.MoneyDepositEvent,,
iluwatar,event,com.iluwatar.event.sourcing.event.MoneyTransferEvent,,
iluwatar,event,com.iluwatar.event.sourcing.processor.DomainEventProcessor,,
iluwatar,event,com.iluwatar.event.sourcing.processor.JsonFileJournal,,
iluwatar,event,com.iluwatar.event.sourcing.state.AccountAggregate,,
math,math,java.math.BigDecimal,,
util,util,java.util.Date,,
junit,jupiter,org.junit.jupiter.api.BeforeEach,,
junit,jupiter,org.junit.jupiter.api.Test,,
abstractextensions,abstractextensions,abstractextensions.CommanderExtension,,
abstractextensions,abstractextensions,abstractextensions.SergeantExtension,,
abstractextensions,abstractextensions,abstractextensions.SoldierExtension,,
util,util,java.util.Optional,,
util,function,java.util.function.Function,,
slf4j,slf4j,org.slf4j.LoggerFactory,,
units,units,units.CommanderUnit,,
units,units,units.SergeantUnit,,
units,units,units.SoldierUnit,,
units,units,units.Unit,,
junit,jupiter,org.junit.jupiter.api.Assertions.assertDoesNotThrow,,
iluwatar,cqrs,com.iluwatar.cqrs.domain.model.Author,,
iluwatar,cqrs,com.iluwatar.cqrs.domain.model.Book,,
iluwatar,health,com.iluwatar.health.check.App,,
mockito,Mockito,org.mockito.Mockito.when,,
ch,qos,ch.qos.logback.classic.LoggerContext,,
ch,qos,ch.qos.logback.classic.spi.ILoggingEvent,,
ch,qos,ch.qos.logback.core.read.ListAppender,,
iluwatar,health,com.iluwatar.health.check.AsynchronousHealthChecker,,
lang,reflect,java.lang.reflect.InvocationTargetException,,
lang,reflect,java.lang.reflect.Method,,
util,util,java.util.List,,
util,function,java.util.function.Supplier,,
lombok,extern,lombok.extern.slf4j.Slf4j,,
junit,jupiter,org.junit.jupiter.api.AfterEach,,
mockito,mockito,org.mockito.Mock,,
mockito,mockito,org.mockito.MockitoAnnotations,,
slf4j,slf4j,org.slf4j.Logger,,
springframework,boot,org.springframework.boot.actuate.health.Health,,
springframework,boot,org.springframework.boot.actuate.health.Status,,
iluwatar,health,com.iluwatar.health.check.CpuHealthIndicator,,
management,management,com.sun.management.OperatingSystemMXBean,,
lang,reflect,java.lang.reflect.Field,,
mockito,mockito,org.mockito.Mockito,,
mockito,ArgumentMatchers,org.mockito.ArgumentMatchers.anyLong,,
mockito,Mockito,org.mockito.Mockito.any,,
mockito,Mockito,org.mockito.Mockito.doNothing,,
mockito,Mockito,org.mockito.Mockito.times,,
mockito,Mockito,org.mockito.Mockito.verify,,
iluwatar,health,com.iluwatar.health.check.CustomHealthIndicator,,
iluwatar,health,com.iluwatar.health.check.HealthCheckRepository,,
util,concurrent,java.util.concurrent.CompletableFuture,,
springframework,cache,org.springframework.cache.Cache,,
springframework,cache,org.springframework.cache.CacheManager,,
springframework,cache,org.springframework.cache.concurrent.ConcurrentMapCacheManager,,
springframework,context,org.springframework.context.annotation.Bean,,
springframework,context,org.springframework.context.annotation.Configuration,,
mockito,ArgumentMatchers,org.mockito.ArgumentMatchers.any,,
mockito,Mockito,org.mockito.Mockito.doThrow,,
mockito,Mockito,org.mockito.Mockito.eq,,
iluwatar,health,com.iluwatar.health.check.DatabaseTransactionHealthIndicator,,
iluwatar,model,com.iluwatar.model.view.intent.actions.AdditionCalculatorAction,,
iluwatar,model,com.iluwatar.model.view.intent.actions.DivisionCalculatorAction,,
iluwatar,model,com.iluwatar.model.view.intent.actions.MultiplicationCalculatorAction,,
iluwatar,model,com.iluwatar.model.view.intent.actions.SetVariableCalculatorAction,,
iluwatar,model,com.iluwatar.model.view.intent.actions.SubtractionCalculatorAction,,
springframework,retry,org.springframework.retry.support.RetryTemplate,,
iluwatar,health,com.iluwatar.health.check.GarbageCollectionHealthIndicator,,
lang,management,java.lang.management.GarbageCollectorMXBean,,
lang,management,java.lang.management.MemoryPoolMXBean,,
lang,management,java.lang.management.MemoryUsage,,
util,util,java.util.Collections,,
hibernate,hibernate,org.hibernate.SessionFactory,,
util,util,java.util.Locale,,
util,util,java.util.Map,,
iluwatar,health,com.iluwatar.health.check.HealthCheck,,
jakarta,persistence,jakarta.persistence.EntityManager,,
jakarta,persistence,jakarta.persistence.Query,,
junit,jupiter,org.junit.jupiter.api.extension.ExtendWith,,
mockito,mockito,org.mockito.InjectMocks,,
mockito,junit,org.mockito.junit.jupiter.MockitoExtension,,
io,restassured,io.restassured.RestAssured.given,,
hamcrest,Matchers,org.hamcrest.Matchers.equalTo,,
io,restassured,io.restassured.builder.RequestSpecBuilder,,
io,restassured,io.restassured.filter.log.LogDetail,,
io,restassured,io.restassured.response.Response,,
io,restassured,io.restassured.specification.RequestSpecification,,
springframework,beans,org.springframework.beans.factory.annotation.Autowired,,
springframework,boot,org.springframework.boot.test.context.SpringBootTest,,
springframework,boot,org.springframework.boot.test.context.SpringBootTest.WebEnvironment,,
springframework,boot,org.springframework.boot.test.web.client.TestRestTemplate,,
util,util,java.util.Collection,,
springframework,http,org.springframework.http.HttpStatus,,
mockito,Mockito,org.mockito.Mockito.mock,,
iluwatar,health,com.iluwatar.health.check.MemoryHealthIndicator,,
util,concurrent,java.util.concurrent.ExecutionException,,
hibernate,query,org.hibernate.query.Query,,
hibernate,boot,org.hibernate.boot.MetadataSources,,
hibernate,boot,org.hibernate.boot.registry.StandardServiceRegistryBuilder,,
iluwatar,commander,com.iluwatar.commander.Database,,
iluwatar,commander,com.iluwatar.commander.Order,,
junit,jupiter,org.junit.jupiter.api.Assertions.assertTrue,,
iluwatar,health,com.iluwatar.health.check.RetryConfig,,
util,concurrent,java.util.concurrent.atomic.AtomicInteger,,
iluwatar,commander,com.iluwatar.commander.Service,,
iluwatar,commander,com.iluwatar.commander.messagingservice.MessagingService.MessageRequest,,
hamcrest,CoreMatchers,org.hamcrest.CoreMatchers.instanceOf,,
hamcrest,MatcherAssert,org.hamcrest.MatcherAssert.assertThat,,
hamcrest,CoreMatchers,org.hamcrest.CoreMatchers.not,,
iluwatar,commander,com.iluwatar.commander.paymentservice.PaymentService.PaymentRequest,,
lombok,lombok,lombok.Data,,
junit,jupiter,org.junit.jupiter.api.Assertions.assertFalse,,
util,util,java.util.ArrayList,,
iluwatar,commander,com.iluwatar.commander.shippingservice.ShippingService.ShippingRequest,,
abstractextensions,abstractextensions,abstractextensions.UnitExtension,,
concreteextensions,concreteextensions,concreteextensions.Commander,,
concreteextensions,concreteextensions,concreteextensions.Sergeant,,
concreteextensions,concreteextensions,concreteextensions.Soldier,,
lombok,lombok,lombok.Getter,,
lombok,lombok,lombok.Setter,,
ch,qos,ch.qos.logback.classic.Level,,
ch,qos,ch.qos.logback.classic.Logger,,
iluwatar,context,com.iluwatar.context.object.App,,
junit,jupiter,org.junit.jupiter.api.Assertions.assertAll,,
iluwatar,context,com.iluwatar.context.object.LayerA,,
iluwatar,context,com.iluwatar.context.object.LayerB,,
iluwatar,context,com.iluwatar.context.object.LayerC,,
iluwatar,context,com.iluwatar.context.object.ServiceContext,,
iluwatar,databus,com.iluwatar.databus.AbstractDataType,,
iluwatar,databus,com.iluwatar.databus.DataType,,
junit,jupiter,org.junit.jupiter.api.Assertions.assertNotNull,,
junit,jupiter,org.junit.jupiter.api.Assertions.assertNull,,
entity,entity,entity.Cake,,
springframework,data,org.springframework.data.jpa.repository.JpaRepository,,
springframework,stereotype,org.springframework.stereotype.Repository,,
entity,entity,entity.CakeLayer,,
iluwatar,databus,com.iluwatar.databus.Member,,
entity,entity,entity.CakeTopping,,
jakarta,persistence,jakarta.persistence.CascadeType,,
jakarta,persistence,jakarta.persistence.Entity,,
jakarta,persistence,jakarta.persistence.FetchType,,
jakarta,persistence,jakarta.persistence.GeneratedValue,,
jakarta,persistence,jakarta.persistence.Id,,
jakarta,persistence,jakarta.persistence.OneToMany,,
jakarta,persistence,jakarta.persistence.OneToOne,,
util,util,java.util.HashSet,,
util,util,java.util.Set,,
jakarta,persistence,jakarta.persistence.ManyToOne,,
lombok,lombok,lombok.AllArgsConstructor,,
lombok,lombok,lombok.Builder,,
lombok,lombok,lombok.EqualsAndHashCode,,
lombok,lombok,lombok.NoArgsConstructor,,
iluwatar,databus,com.iluwatar.databus.DataBus,,
io,io,java.io.Serial,,
springframework,stereotype,org.springframework.stereotype.Component,,
dto,dto,dto.CakeInfo,,
dto,dto,dto.CakeLayerInfo,,
dto,dto,dto.CakeToppingInfo,,
exception,exception,exception.CakeBakingException,,
springframework,stereotype,org.springframework.stereotype.Service,,
dao,dao,dao.CakeDao,,
dao,dao,dao.CakeLayerDao,,
dao,dao,dao.CakeToppingDao,,
time,time,java.time.Month,,
iluwatar,data,com.iluwatar.data.locality.game.GameEntity,,
springframework,transaction,org.springframework.transaction.annotation.Transactional,,
service,service,service.CakeBakingService,,
util,util,java.util.Arrays,,
util,logging,java.util.logging.Logger,,
util,util,java.util.HashMap,,
util,util,java.util.Comparator,,
iluwatar,delegation,com.iluwatar.delegation.simple.printers.CanonPrinter,,
iluwatar,delegation,com.iluwatar.delegation.simple.printers.EpsonPrinter,,
iluwatar,delegation,com.iluwatar.delegation.simple.printers.HpPrinter,,
util,logging,java.util.logging.Level,,
time,time,java.time.LocalDate,,
javax,inject,javax.inject.Inject,,
inject,inject,com.google.inject.AbstractModule,,
time,time,java.time.Period,,
iluwatar,dependency,com.iluwatar.dependency.injection.utils.InMemoryAppender,,
iluwatar,exception,com.iluwatar.exception.ApplicationException,,
iluwatar,model,com.iluwatar.model.Card,,
iluwatar,repository,com.iluwatar.repository.JpaRepository,,
iluwatar,service,com.iluwatar.service.CardUpdateService,,
junit,jupiter,org.junit.jupiter.api.Assertions,,
iluwatar,entity,com.iluwatar.entity.Car,,
iluwatar,entity,com.iluwatar.entity.Truck,,
iluwatar,entity,com.iluwatar.entity.Vehicle,,
iluwatar,service,com.iluwatar.service.VehicleService,,
springframework,boot,org.springframework.boot.CommandLineRunner,,
springframework,boot,org.springframework.boot.SpringApplication,,
springframework,boot,org.springframework.boot.autoconfigure.SpringBootApplication,,
util,util,java.util.Objects,,
util,stream,java.util.stream.Stream,,
iluwatar,abstractdocument,com.iluwatar.abstractdocument.domain.Car,,
iluwatar,abstractdocument,com.iluwatar.abstractdocument.domain.enums.Property,,
util,concurrent,java.util.concurrent.locks.Lock,,
util,concurrent,java.util.concurrent.locks.ReentrantLock,,
iluwatar,abstractdocument,com.iluwatar.abstractdocument.domain.Part,,
fasterxml,jackson,com.fasterxml.jackson.core.JsonProcessingException,,
util,concurrent,java.util.concurrent.BlockingQueue,,
util,concurrent,java.util.concurrent.LinkedBlockingQueue,,
fasterxml,jackson,com.fasterxml.jackson.databind.ObjectMapper,,
fasterxml,jackson,com.fasterxml.jackson.databind.type.CollectionType,,
util,concurrent,java.util.concurrent.ConcurrentHashMap,,
util,concurrent,java.util.concurrent.ExecutorService,,
util,concurrent,java.util.concurrent.Executors,,
iluwatar,dynamicproxy,com.iluwatar.dynamicproxy.tinyrestclient.annotation.Http,,
lang,annotation,java.lang.annotation.Annotation,,
lang,reflect,java.lang.reflect.ParameterizedType,,
lang,reflect,java.lang.reflect.Type,,
iluwatar,actormodel,com.iluwatar.actormodel.ActorSystem,,
iluwatar,actormodel,com.iluwatar.actormodel.App,,
iluwatar,actormodel,com.iluwatar.actormodel.ExampleActor,,
iluwatar,actormodel,com.iluwatar.actormodel.ExampleActor2,,
iluwatar,actormodel,com.iluwatar.actormodel.Message,,
net,net,java.net.HttpURLConnection,,
net,net,java.net.URI,,
net,http,java.net.http.HttpRequest,,
net,http,java.net.http.HttpResponse,,
mockito,ArgumentMatchers,org.mockito.ArgumentMatchers.eq,,
springframework,web,org.springframework.web.util.UriUtils,,
mockito,Mockito,org.mockito.Mockito.spy,,
lang,Thread,java.lang.Thread.sleep,,
iluwatar,ambassador,com.iluwatar.ambassador.util.RandomProvider,,
iluwatar,ambassador,com.iluwatar.ambassador.RemoteServiceStatus.FAILURE,,
util,concurrent,java.util.concurrent.CountDownLatch,,
time,time,java.time.Duration,,
reactor,core,reactor.core.publisher.Flux,,
lombok,lombok,lombok.NonNull,,
reactivestreams,reactivestreams,org.reactivestreams.Subscription,,
reactor,core,reactor.core.publisher.BaseSubscriber,,
util,stream,java.util.stream.Collectors,,
junit,jupiter,org.junit.jupiter.api.extension.AfterEachCallback,,
junit,jupiter,org.junit.jupiter.api.extension.BeforeEachCallback,,
junit,jupiter,org.junit.jupiter.api.extension.ExtensionContext,,
iluwatar,backpressure,com.iluwatar.backpressure.Publisher.publish,,
reactor,test,reactor.test.StepVerifier,,
junit,jupiter,org.junit.jupiter.api.extension.RegisterExtension,,
util,concurrent,java.util.concurrent.TimeUnit,,
junit,jupiter,org.junit.jupiter.api.function.Executable,,
awt,awt,java.awt.BorderLayout,,
awt,awt,java.awt.Font,,
javax,swing,javax.swing.JButton,,
javax,swing,javax.swing.JFrame,,
javax,swing,javax.swing.JLabel,,
javax,swing,javax.swing.SwingConstants,,
javax,swing,javax.swing.WindowConstants,,
awaitility,Awaitility,org.awaitility.Awaitility.await,,
mockito,Mockito,org.mockito.Mockito.verifyNoMoreInteractions,,
iluwatar,builder,com.iluwatar.builder.Hero.Builder,,
iluwatar,eda,com.iluwatar.eda.framework.Handler,,
junit,jupiter,org.junit.jupiter.api.Assertions.assertThrows,,
iluwatar,bytecode,com.iluwatar.bytecode.util.InstructionConverterUtil,,
util,util,java.util.Stack,,
util,concurrent,java.util.concurrent.ThreadLocalRandom,,
javax,sound,javax.sound.sampled.UnsupportedAudioFileException,,
iluwatar,caching,com.iluwatar.caching.database.DbManager,,
iluwatar,caching,com.iluwatar.caching.database.DbManagerFactory,,
javax,sound,javax.sound.sampled.AudioInputStream,,
javax,sound,javax.sound.sampled.AudioSystem,,
javax,sound,javax.sound.sampled.LineUnavailableException,,
lombok,lombok,lombok.ToString,,
junit,junit,org.junit.Rule,,
junit,jupiter,org.junit.jupiter.migrationsupport.rules.EnableRuleMigrationSupport,,
junit,rules,org.junit.rules.TemporaryFolder,,
iluwatar,factorykit,com.iluwatar.factorykit.App,,
iluwatar,factorykit,com.iluwatar.factorykit.Axe,,
iluwatar,factorykit,com.iluwatar.factorykit.Spear,,
iluwatar,factorykit,com.iluwatar.factorykit.Sword,,
iluwatar,factorykit,com.iluwatar.factorykit.Weapon,,
iluwatar,factorykit,com.iluwatar.factorykit.WeaponFactory,,
iluwatar,factorykit,com.iluwatar.factorykit.WeaponType,,
util,util,java.util.LinkedList,,
util,util,java.util.Queue,,
junit,jupiter,org.junit.jupiter.api.Timeout,,
iluwatar,filterer,com.iluwatar.filterer.domain.Filterer,,
iluwatar,combinator,com.iluwatar.combinator.Finders.advancedFinder,,
iluwatar,combinator,com.iluwatar.combinator.Finders.expandedFinder,,
iluwatar,combinator,com.iluwatar.combinator.Finders.filteredFinder,,
iluwatar,combinator,com.iluwatar.combinator.Finders.specializedFinder,,
lombok,lombok,lombok.RequiredArgsConstructor,,
util,util,java.util.Deque,,
iluwatar,cqrs,com.iluwatar.cqrs.commandes.CommandServiceImpl,,
iluwatar,cqrs,com.iluwatar.cqrs.dto.Author,,
iluwatar,cqrs,com.iluwatar.cqrs.dto.Book,,
iluwatar,cqrs,com.iluwatar.cqrs.queries.QueryService,,
iluwatar,cqrs,com.iluwatar.cqrs.queries.QueryServiceImpl,,
math,math,java.math.BigInteger,,
junit,jupiter,org.junit.jupiter.api.BeforeAll,,
iluwatar,commander,com.iluwatar.commander.employeehandle.EmployeeDatabase,,
iluwatar,commander,com.iluwatar.commander.employeehandle.EmployeeHandle,,
iluwatar,commander,com.iluwatar.commander.exceptions.DatabaseUnavailableException,,
iluwatar,commander,com.iluwatar.commander.exceptions.ItemUnavailableException,,
iluwatar,commander,com.iluwatar.commander.exceptions.PaymentDetailsErrorException,,
iluwatar,commander,com.iluwatar.commander.messagingservice.MessagingDatabase,,
iluwatar,commander,com.iluwatar.commander.messagingservice.MessagingService,,
iluwatar,commander,com.iluwatar.commander.paymentservice.PaymentDatabase,,
iluwatar,commander,com.iluwatar.commander.paymentservice.PaymentService,,
iluwatar,commander,com.iluwatar.commander.queue.QueueDatabase,,
util,stream,java.util.stream.IntStream,,
iluwatar,commander,com.iluwatar.commander.shippingservice.ShippingDatabase,,
iluwatar,commander,com.iluwatar.commander.shippingservice.ShippingService,,
iluwatar,commander,com.iluwatar.commander.Order.MessageSent,,
iluwatar,commander,com.iluwatar.commander.Order.PaymentStatus,,
iluwatar,commander,com.iluwatar.commander.exceptions.IsEmptyException,,
iluwatar,fluentinterface,com.iluwatar.fluentinterface.fluentiterable.FluentIterable,,
iluwatar,fluentinterface,com.iluwatar.fluentinterface.fluentiterable.lazy.LazyFluentIterable,,
iluwatar,commander,com.iluwatar.commander.exceptions.ShippingNotPossibleException,,
iluwatar,fluentinterface,com.iluwatar.fluentinterface.fluentiterable.simple.SimpleFluentIterable,,
iluwatar,commander,com.iluwatar.commander.queue.QueueTask,,
iluwatar,commander,com.iluwatar.commander.queue.QueueTask.TaskType,,
security,security,java.security.SecureRandom,,
util,function,java.util.function.Predicate,,
util,util,java.util.Hashtable,,
iluwatar,flux,com.iluwatar.flux.action.MenuItem,,
iluwatar,flux,com.iluwatar.flux.dispatcher.Dispatcher,,
iluwatar,flux,com.iluwatar.flux.store.ContentStore,,
iluwatar,flux,com.iluwatar.flux.store.MenuStore,,
iluwatar,flux,com.iluwatar.flux.view.ContentView,,
iluwatar,flux,com.iluwatar.flux.view.MenuView,,
iluwatar,flux,com.iluwatar.flux.action.Action,,
junit,platform,org.junit.platform.commons.util.StringUtils,,
iluwatar,flux,com.iluwatar.flux.action.Content,,
iluwatar,flux,com.iluwatar.flux.action.ContentAction,,
iluwatar,flux,com.iluwatar.flux.action.MenuAction,,
iluwatar,flux,com.iluwatar.flux.store.Store,,
awt,event,java.awt.event.KeyEvent,,
iluwatar,component,com.iluwatar.component.component.graphiccomponent.GraphicComponent,,
iluwatar,component,com.iluwatar.component.component.graphiccomponent.ObjectGraphicComponent,,
iluwatar,component,com.iluwatar.component.component.inputcomponent.DemoInputComponent,,
iluwatar,component,com.iluwatar.component.component.inputcomponent.InputComponent,,
iluwatar,component,com.iluwatar.component.component.inputcomponent.PlayerInputComponent,,
iluwatar,component,com.iluwatar.component.component.physiccomponent.ObjectPhysicComponent,,
iluwatar,component,com.iluwatar.component.component.physiccomponent.PhysicComponent,,
iluwatar,flux,com.iluwatar.flux.action.ActionType,,
iluwatar,flux,com.iluwatar.flux.view.View,,
io,io,java.io.ByteArrayOutputStream,,
io,io,java.io.PrintStream,,
jakarta,servlet,jakarta.servlet.RequestDispatcher,,
jakarta,servlet,jakarta.servlet.http.HttpServlet,,
jakarta,servlet,jakarta.servlet.http.HttpServletRequest,,
jakarta,servlet,jakarta.servlet.http.HttpServletResponse,,
io,io,java.io.PrintWriter,,
io,io,java.io.Serializable,,
mockito,mockito,org.mockito.ArgumentCaptor,,
io,io,java.io.StringWriter,,
util,util,java.util.Random,,
sql,sql,java.sql.SQLException,,
javax,sql,javax.sql.DataSource,,
h2,jdbcx,org.h2.jdbcx.JdbcDataSource,,
sql,sql,java.sql.Connection,,
sql,sql,java.sql.PreparedStatement,,
sql,sql,java.sql.ResultSet,,
util,util,java.util.Spliterator,,
util,util,java.util.Spliterators,,
util,function,java.util.function.Consumer,,
util,stream,java.util.stream.StreamSupport,,
iluwatar,front,com.iluwatar.front.controller.utils.InMemoryAppender,,
junit,jupiter,org.junit.jupiter.api.Assertions.assertNotEquals,,
junit,jupiter,org.junit.jupiter.api.Assumptions.assumeTrue,,
mockito,Mockito,org.mockito.Mockito.doReturn,,
sql,sql,java.sql.DriverManager,,
junit,jupiter,org.junit.jupiter.api.Nested,,
iluwatar,databus,com.iluwatar.databus.data.MessageData,,
iluwatar,databus,com.iluwatar.databus.data.StartingData,,
iluwatar,databus,com.iluwatar.databus.data.StoppingData,,
iluwatar,databus,com.iluwatar.databus.members.MessageCollectorMember,,
iluwatar,databus,com.iluwatar.databus.members.StatusMember,,
time,time,java.time.LocalDateTime,,
mockito,BDDMockito,org.mockito.BDDMockito.then,,
mockito,Mockito,org.mockito.Mockito.never,,
springframework,cache,org.springframework.cache.annotation.EnableCaching,,
springframework,scheduling,org.springframework.scheduling.annotation.EnableScheduling,,
jakarta,annotation,jakarta.annotation.PreDestroy,,
iluwatar,datatransfer,com.iluwatar.datatransfer.customer.CustomerDto,,
iluwatar,datatransfer,com.iluwatar.datatransfer.customer.CustomerResource,,
iluwatar,datatransfer,com.iluwatar.datatransfer.product.Product,,
iluwatar,datatransfer,com.iluwatar.datatransfer.product.ProductDto,,
iluwatar,datatransfer,com.iluwatar.datatransfer.product.ProductResource,,
util,concurrent,java.util.concurrent.CompletionException,,
util,concurrent,java.util.concurrent.ScheduledExecutorService,,
util,concurrent,java.util.concurrent.TimeoutException,,
jakarta,annotation,jakarta.annotation.PostConstruct,,
lang,management,java.lang.management.ManagementFactory,,
lang,management,java.lang.management.OperatingSystemMXBean,,
mockito,internal,org.mockito.internal.verification.VerificationModeFactory.times,,
ch,qos,ch.qos.logback.core.AppenderBase,,
springframework,beans,org.springframework.beans.factory.annotation.Value,,
springframework,boot,org.springframework.boot.actuate.health.HealthIndicator,,
io,io,java.io.BufferedReader,,
io,io,java.io.File,,
io,io,java.io.FileReader,,
io,io,java.io.IOException,,
springframework,cache,org.springframework.cache.annotation.Cacheable,,
springframework,scheduling,org.springframework.scheduling.annotation.Scheduled,,
iluwatar,dirtyflag,com.iluwatar.dirtyflag.App,,
iluwatar,dirtyflag,com.iluwatar.dirtyflag.DataFetcher,,
joda,money,org.joda.money.CurrencyUnit.USD,,
joda,money,org.joda.money.Money,,
math,math,java.math.RoundingMode,,
time,temporal,java.time.temporal.ChronoUnit,,
sql,sql,java.sql.Date,,
jakarta,persistence,jakarta.persistence.Column,,
jakarta,persistence,jakarta.persistence.PersistenceContext,,
jakarta,transaction,jakarta.transaction.Transactional,,
joda,money,org.joda.money.CurrencyUnit,,
lang,management,java.lang.management.MemoryMXBean,,
springframework,retry,org.springframework.retry.backoff.FixedBackOffPolicy,,
springframework,retry,org.springframework.retry.policy.SimpleRetryPolicy,,
iluwatar,hexagonal,com.iluwatar.hexagonal.module.LotteryModule,,
iluwatar,hexagonal,com.iluwatar.hexagonal.mongo.MongoConnectionPropertiesLoader,,
iluwatar,hexagonal,com.iluwatar.hexagonal.domain.LotteryConstants,,
iluwatar,hexagonal,com.iluwatar.hexagonal.domain.LotteryTicket,,
commons,lang3,org.apache.commons.lang3.tuple.MutablePair,,
iluwatar,hexagonal,com.iluwatar.hexagonal.domain.LotteryTicketId,,
commons,lang3,org.apache.commons.lang3.tuple.Pair,,
junit,jupiter,org.junit.jupiter.api.Assertions.fail,,
iluwatar,hexagonal,com.iluwatar.hexagonal.domain.LotteryNumbers,,
iluwatar,hexagonal,com.iluwatar.hexagonal.domain.PlayerDetails,,
iluwatar,doubledispatch,com.iluwatar.doubledispatch.constants.AppConstants,,
iluwatar,hexagonal,com.iluwatar.hexagonal.domain.LotteryConstants.PRIZE_AMOUNT,,
iluwatar,hexagonal,com.iluwatar.hexagonal.domain.LotteryConstants.SERVICE_BANK_ACCOUNT,,
inject,inject,com.google.inject.Inject,,
iluwatar,hexagonal,com.iluwatar.hexagonal.banking.WireTransfers,,
iluwatar,hexagonal,com.iluwatar.hexagonal.database.LotteryTicketRepository,,
iluwatar,hexagonal,com.iluwatar.hexagonal.eventlog.LotteryEventLog,,
common,base,com.google.common.base.Joiner,,
iluwatar,dynamicproxy,com.iluwatar.dynamicproxy.tinyrestclient.TinyRestClient,,
lang,reflect,java.lang.reflect.InvocationHandler,,
net,http,java.net.http.HttpClient,,
util,util,java.util.PrimitiveIterator,,
iluwatar,dynamicproxy,com.iluwatar.dynamicproxy.tinyrestclient.annotation.Body,,
iluwatar,dynamicproxy,com.iluwatar.dynamicproxy.tinyrestclient.annotation.Delete,,
iluwatar,dynamicproxy,com.iluwatar.dynamicproxy.tinyrestclient.annotation.Get,,
iluwatar,dynamicproxy,com.iluwatar.dynamicproxy.tinyrestclient.annotation.Path,,
iluwatar,dynamicproxy,com.iluwatar.dynamicproxy.tinyrestclient.annotation.Post,,
iluwatar,dynamicproxy,com.iluwatar.dynamicproxy.tinyrestclient.annotation.Put,,
lang,reflect,java.lang.reflect.Proxy,,
iluwatar,hexagonal,com.iluwatar.hexagonal.domain.LotteryConstants.TICKET_PRIZE,,
iluwatar,eda,com.iluwatar.eda.event.UserCreatedEvent,,
iluwatar,eda,com.iluwatar.eda.event.UserUpdatedEvent,,
iluwatar,eda,com.iluwatar.eda.framework.Event,,
iluwatar,eda,com.iluwatar.eda.framework.EventDispatcher,,
iluwatar,eda,com.iluwatar.eda.handler.UserCreatedEventHandler,,
iluwatar,eda,com.iluwatar.eda.handler.UserUpdatedEventHandler,,
iluwatar,eda,com.iluwatar.eda.model.User,,
iluwatar,hexagonal,com.iluwatar.hexagonal.domain.LotteryTicketCheckResult.CheckResult,,
iluwatar,hexagonal,com.iluwatar.hexagonal.banking.MongoBank,,
iluwatar,hexagonal,com.iluwatar.hexagonal.database.MongoTicketRepository,,
iluwatar,hexagonal,com.iluwatar.hexagonal.eventlog.MongoEventLog,,
iluwatar,hexagonal,com.iluwatar.hexagonal.banking.InMemoryBank,,
iluwatar,hexagonal,com.iluwatar.hexagonal.database.InMemoryTicketRepository,,
iluwatar,featuretoggle,com.iluwatar.featuretoggle.pattern.Service,,
iluwatar,featuretoggle,com.iluwatar.featuretoggle.pattern.propertiesversion.PropertiesFeatureToggleVersion,,
iluwatar,featuretoggle,com.iluwatar.featuretoggle.pattern.tieredversion.TieredFeatureToggleVersion,,
iluwatar,featuretoggle,com.iluwatar.featuretoggle.user.User,,
iluwatar,featuretoggle,com.iluwatar.featuretoggle.user.UserGroup,,
util,util,java.util.Properties,,
iluwatar,hexagonal,com.iluwatar.hexagonal.eventlog.StdOutEventLog,,
iluwatar,filterer,com.iluwatar.filterer.threat.ProbableThreat,,
iluwatar,filterer,com.iluwatar.filterer.threat.SimpleProbabilisticThreatAwareSystem,,
iluwatar,filterer,com.iluwatar.filterer.threat.SimpleProbableThreat,,
iluwatar,filterer,com.iluwatar.filterer.threat.SimpleThreat,,
iluwatar,filterer,com.iluwatar.filterer.threat.SimpleThreatAwareSystem,,
iluwatar,filterer,com.iluwatar.filterer.threat.Threat,,
iluwatar,filterer,com.iluwatar.filterer.threat.ThreatAwareSystem,,
iluwatar,filterer,com.iluwatar.filterer.threat.ThreatType,,
util,util,java.util.EnumMap,,
util,AbstractMap,java.util.AbstractMap.SimpleEntry,,
iluwatar,hexagonal,com.iluwatar.hexagonal.domain.LotteryTicketCheckResult,,
mongodb,client,com.mongodb.client.MongoClient,,
mongodb,client,com.mongodb.client.MongoClients,,
de,flapdoodle,de.flapdoodle.embed.mongo.commands.ServerAddress,,
de,flapdoodle,de.flapdoodle.embed.mongo.distribution.Version,,
de,flapdoodle,de.flapdoodle.embed.mongo.transitions.Mongod,,
util,concurrent,java.util.concurrent.atomic.AtomicBoolean,,
de,flapdoodle,de.flapdoodle.embed.mongo.transitions.RunningMongodProcess,,
de,flapdoodle,de.flapdoodle.reverse.TransitionWalker,,
util,concurrent,java.util.concurrent.FutureTask,,
util,concurrent,java.util.concurrent.ThreadPoolExecutor,,
iluwatar,hexagonal,com.iluwatar.hexagonal.test.LotteryTestUtils,,
util,concurrent,java.util.concurrent.Callable,,
mockito,Mockito,org.mockito.Mockito.inOrder,,
mockito,Mockito,org.mockito.Mockito.timeout,,
junit,jupiter,org.junit.jupiter.api.Disabled,,
inject,inject,com.google.inject.Guice,,
iluwatar,hexagonal,com.iluwatar.hexagonal.domain.LotteryAdministration,,
iluwatar,hexagonal,com.iluwatar.hexagonal.domain.LotteryService,,
iluwatar,hexagonal,com.iluwatar.hexagonal.module.LotteryTestingModule,,
iluwatar,hexagonal,com.iluwatar.hexagonal.sampledata.SampleData,,
inject,inject,com.google.inject.Injector,,
util,function,java.util.function.BiFunction,,
util,function,java.util.function.IntBinaryOperator,,
junit,jupiter,org.junit.jupiter.api.TestInstance,,
junit,jupiter,org.junit.jupiter.params.ParameterizedTest,,
junit,jupiter,org.junit.jupiter.params.provider.Arguments,,
junit,jupiter,org.junit.jupiter.params.provider.MethodSource,,
iluwatar,iterator,com.iluwatar.iterator.list.ItemType.ANY,,
iluwatar,iterator,com.iluwatar.iterator.list.ItemType.POTION,,
iluwatar,iterator,com.iluwatar.iterator.list.ItemType.RING,,
iluwatar,iterator,com.iluwatar.iterator.list.ItemType.WEAPON,,
iluwatar,iterator,com.iluwatar.iterator.bst.BstIterator,,
iluwatar,iterator,com.iluwatar.iterator.bst.TreeNode,,
iluwatar,iterator,com.iluwatar.iterator.list.ItemType,,
iluwatar,iterator,com.iluwatar.iterator.list.TreasureChest,,
springframework,boot,org.springframework.boot.autoconfigure.domain.EntityScan,,
springframework,context,org.springframework.context.annotation.ComponentScan,,
awt,awt,java.awt.GridLayout,,
awt,event,java.awt.event.ActionEvent,,
view,view,view.CakeViewImpl,,
util,concurrent,java.util.concurrent.ConcurrentLinkedQueue,,
javax,swing,javax.swing.JPanel,,
javax,swing,javax.swing.JRootPane,,
javax,swing,javax.swing.JTextArea,,
javax,swing,javax.swing.JTextField,,
javax,swing,javax.swing.SwingUtilities,,
awt,awt,java.awt.Dimension,,
util,concurrent,java.util.concurrent.ArrayBlockingQueue,,
awt,event,java.awt.event.ActionListener,,
util,concurrent,java.util.concurrent.CopyOnWriteArrayList,,
javax,swing,javax.swing.JScrollPane,,
javax,swing,javax.swing.JTable,,
javax,swing,javax.swing.table.DefaultTableModel,,
iluwatar,lockableobject,com.iluwatar.lockableobject.domain.Creature,,
iluwatar,lockableobject,com.iluwatar.lockableobject.domain.Elf,,
iluwatar,lockableobject,com.iluwatar.lockableobject.domain.Feind,,
iluwatar,lockableobject,com.iluwatar.lockableobject.domain.Human,,
iluwatar,lockableobject,com.iluwatar.lockableobject.domain.Orc,,
iluwatar,lockableobject,com.iluwatar.lockableobject.domain.CreatureStats,,
iluwatar,lockableobject,com.iluwatar.lockableobject.domain.CreatureType,,
iluwatar,iterator,com.iluwatar.iterator.Iterator,,
util,util,java.util.NoSuchElementException,,
iluwatar,masterworker,com.iluwatar.masterworker.system.ArrayTransposeMasterWorker,,
iluwatar,masterworker,com.iluwatar.masterworker.system.MasterWorker,,
iluwatar,masterworker,com.iluwatar.masterworker.system.systemmaster.ArrayTransposeMaster,,
iluwatar,masterworker,com.iluwatar.masterworker.system.systemmaster.Master,,
iluwatar,masterworker,com.iluwatar.masterworker.system.systemworkers.ArrayTransposeWorker,,
iluwatar,masterworker,com.iluwatar.masterworker.system.systemworkers.Worker,,
iluwatar,masterworker,com.iluwatar.masterworker.ArrayUtilityMethods.matricesSame,,
junit,jupiter,org.junit.jupiter.api.TestInstance.Lifecycle,,
springframework,context,org.springframework.context.ApplicationContext,,
iluwatar,layers,com.iluwatar.layers.app.LayersApp,,
iluwatar,metamapping,com.iluwatar.metamapping.model.User,,
iluwatar,metamapping,com.iluwatar.metamapping.service.UserService,,
iluwatar,metamapping,com.iluwatar.metamapping.utils.DatabaseUtil,,
hibernate,service,org.hibernate.service.ServiceRegistry,,
service,service,service.CakeBakingServiceImpl,,
util,util,java.util.UUID,,
iluwatar,leaderelection,com.iluwatar.leaderelection.Instance,,
iluwatar,leaderelection,com.iluwatar.leaderelection.Message,,
iluwatar,leaderelection,com.iluwatar.leaderelection.MessageType,,
iluwatar,leaderelection,com.iluwatar.leaderelection.AbstractInstance,,
iluwatar,leaderelection,com.iluwatar.leaderelection.MessageManager,,
iluwatar,leaderelection,com.iluwatar.leaderelection.AbstractMessageManager,,
junit,jupiter,org.junit.jupiter.api.Assertions.assertSame,,
iluwatar,iluwatar,com.iluwatar.App,,
iluwatar,iluwatar,com.iluwatar.CannotAddTwoCurrienciesException,,
iluwatar,iluwatar,com.iluwatar.CannotSubtractException,,
iluwatar,iluwatar,com.iluwatar.Money,,
junit,jupiter,org.junit.jupiter.api.AfterAll,,
iluwatar,monolithic,com.iluwatar.monolithic.controller.OrderController,,
iluwatar,monolithic,com.iluwatar.monolithic.controller.ProductController,,
iluwatar,monolithic,com.iluwatar.monolithic.controller.UserController,,
iluwatar,monolithic,com.iluwatar.monolithic.model.Product,,
iluwatar,monolithic,com.iluwatar.monolithic.model.User,,
nio,charset,java.nio.charset.StandardCharsets,,
util,util,java.util.Scanner,,
logging,log4j,org.apache.logging.log4j.LogManager,,
logging,log4j,org.apache.logging.log4j.Logger,,
iluwatar,monolithic,com.iluwatar.monolithic.exceptions.InsufficientStockException,,
iluwatar,monolithic,com.iluwatar.monolithic.exceptions.NonExistentProductException,,
iluwatar,monolithic,com.iluwatar.monolithic.exceptions.NonExistentUserException,,
iluwatar,monolithic,com.iluwatar.monolithic.model.Order,,
iluwatar,lockableobject,com.iluwatar.lockableobject.Lockable,,
iluwatar,monolithic,com.iluwatar.monolithic.repository.OrderRepository,,
iluwatar,monolithic,com.iluwatar.monolithic.repository.ProductRepository,,
iluwatar,monolithic,com.iluwatar.monolithic.repository.UserRepository,,
io,io,java.io.ByteArrayInputStream,,
iluwatar,masterworker,com.iluwatar.masterworker.Input,,
iluwatar,masterworker,com.iluwatar.masterworker.Result,,
iluwatar,masterworker,com.iluwatar.masterworker.ArrayInput,,
iluwatar,masterworker,com.iluwatar.masterworker.ArrayResult,,
iluwatar,masterworker,com.iluwatar.masterworker.ArrayUtilityMethods,,
iluwatar,metamapping,com.iluwatar.metamapping.utils.HibernateUtil,,
junit,jupiter,org.junit.jupiter.params.provider.EnumSource,,
hibernate,hibernate,org.hibernate.HibernateException,,
hibernate,cfg,org.hibernate.cfg.Configuration,,
io,io,java.io.Closeable,,
iluwatar,observer,com.iluwatar.observer.generic.GenHobbits,,
iluwatar,observer,com.iluwatar.observer.generic.GenOrcs,,
iluwatar,observer,com.iluwatar.observer.generic.GenWeather,,
iluwatar,observer,com.iluwatar.observer.utils.InMemoryAppender,,
iluwatar,objectmother,com.iluwatar.objectmother.King,,
iluwatar,objectmother,com.iluwatar.objectmother.Queen,,
iluwatar,objectmother,com.iluwatar.objectmother.RoyaltyObjectMother,,
iluwatar,api,com.iluwatar.api.UpdateService,,
awt,awt,java.awt.Desktop,,
iluwatar,pageobject,com.iluwatar.pageobject.pages.AlbumListPage,,
htmlunit,htmlunit,org.htmlunit.WebClient,,
iluwatar,observer,com.iluwatar.observer.WeatherType,,
iluwatar,pageobject,com.iluwatar.pageobject.pages.AlbumPage,,
iluwatar,pageobject,com.iluwatar.pageobject.pages.LoginPage,,
util,util,java.util.StringJoiner,,
iluwatar,observer,com.iluwatar.observer.WeatherObserver,,
util,function,java.util.function.IntPredicate,,
junit,jupiter,org.junit.jupiter.api.Assertions.assertArrayEquals,,
awt,awt,java.awt.TextField,,
awt,event,java.awt.event.MouseAdapter,,
awt,event,java.awt.event.MouseEvent,,
javax,swing,javax.swing.Box,,
javax,swing,javax.swing.JCheckBox,,
springframework,stereotype,org.springframework.stereotype.Controller,,
javax,swing,javax.swing.JList,,
springframework,web,org.springframework.web.bind.annotation.GetMapping,,
springframework,web,org.springframework.web.bind.annotation.PostMapping,,
springframework,web,org.springframework.web.servlet.mvc.support.RedirectAttributes,,
springframework,ui,org.springframework.ui.Model,,
iluwatar,privateclassdata,com.iluwatar.privateclassdata.utils.InMemoryAppender,,
springframework,web,org.springframework.web.servlet.mvc.support.RedirectAttributesModelMap,,
springframework,test,org.springframework.test.web.servlet.request.MockMvcRequestBuilders.get,,
springframework,test,org.springframework.test.web.servlet.result.MockMvcResultMatchers.model,,
springframework,test,org.springframework.test.web.servlet.result.MockMvcResultMatchers.status,,
springframework,boot,org.springframework.boot.test.autoconfigure.web.servlet.AutoConfigureMockMvc,,
springframework,test,org.springframework.test.web.servlet.MockMvc,,
util,concurrent,java.util.concurrent.Executor,,
util,concurrent,java.util.concurrent.Future,,
htmlunit,html,org.htmlunit.html.HtmlAnchor,,
htmlunit,html,org.htmlunit.html.HtmlPage,,
io,io,java.io.FileWriter,,
io,io,java.io.InputStreamReader,,
net,net,java.net.URL,,
htmlunit,html,org.htmlunit.html.HtmlNumberInput,,
htmlunit,html,org.htmlunit.html.HtmlSelect,,
util,Map,java.util.Map.Entry,,
htmlunit,html,org.htmlunit.html.HtmlSubmitInput,,
htmlunit,html,org.htmlunit.html.HtmlTextInput,,
htmlunit,html,org.htmlunit.html.HtmlPasswordInput,,
iluwatar,property,com.iluwatar.property.Character.Type,,
lombok,lombok,lombok.SneakyThrows,,
junit,jupiter,org.junit.jupiter.api.Assertions.assertNotSame,,
iluwatar,proxy,com.iluwatar.proxy.utils.InMemoryAppender,,
iluwatar,poison,com.iluwatar.poison.pill.Message.Headers,,
springframework,context,org.springframework.context.support.ClassPathXmlApplicationContext,,
iluwatar,poison,com.iluwatar.poison.pill.Message.POISON_PILL,,
commons,dbcp,org.apache.commons.dbcp.BasicDataSource,,
hibernate,jpa,org.hibernate.jpa.HibernatePersistenceProvider,,
springframework,boot,org.springframework.boot.SpringBootConfiguration,,
springframework,context,org.springframework.context.annotation.AnnotationConfigApplicationContext,,
springframework,data,org.springframework.data.jpa.repository.config.EnableJpaRepositories,,
springframework,orm,org.springframework.orm.jpa.JpaTransactionManager,,
springframework,orm,org.springframework.orm.jpa.LocalContainerEntityManagerFactoryBean,,
springframework,data,org.springframework.data.jpa.repository.JpaSpecificationExecutor,,
springframework,data,org.springframework.data.repository.CrudRepository,,
jakarta,persistence,jakarta.persistence.criteria.CriteriaBuilder,,
jakarta,persistence,jakarta.persistence.criteria.CriteriaQuery,,
jakarta,persistence,jakarta.persistence.criteria.Predicate,,
jakarta,persistence,jakarta.persistence.criteria.Root,,
springframework,data,org.springframework.data.jpa.domain.Specification,,
jakarta,annotation,jakarta.annotation.Resource,,
springframework,test,org.springframework.test.context.junit.jupiter.SpringExtension,,
mockito,Mockito,org.mockito.Mockito.reset,,
iluwatar,publish,com.iluwatar.publish.subscribe.model.Message,,
iluwatar,publish,com.iluwatar.publish.subscribe.model.Topic,,
iluwatar,publish,com.iluwatar.publish.subscribe.publisher.Publisher,,
util,util,java.util.ArrayDeque,,
iluwatar,publish,com.iluwatar.publish.subscribe.publisher.PublisherImpl,,
iluwatar,publish,com.iluwatar.publish.subscribe.subscriber.CustomerSupportSubscriber,,
iluwatar,publish,com.iluwatar.publish.subscribe.subscriber.DelayedWeatherSubscriber,,
iluwatar,publish,com.iluwatar.publish.subscribe.subscriber.Subscriber,,
iluwatar,publish,com.iluwatar.publish.subscribe.subscriber.WeatherSubscriber,,
hamcrest,CoreMatchers,org.hamcrest.CoreMatchers.is,,
iluwatar,reactor,com.iluwatar.reactor.framework.AbstractNioChannel,,
iluwatar,reactor,com.iluwatar.reactor.framework.ChannelHandler,,
hamcrest,CoreMatchers,org.hamcrest.CoreMatchers.hasItem,,
iluwatar,reactor,com.iluwatar.reactor.framework.Dispatcher,,
iluwatar,reactor,com.iluwatar.reactor.framework.NioDatagramChannel,,
iluwatar,reactor,com.iluwatar.reactor.framework.NioReactor,,
iluwatar,reactor,com.iluwatar.reactor.framework.NioServerSocketChannel,,
iluwatar,reactor,com.iluwatar.reactor.framework.ThreadPoolDispatcher,,
iluwatar,roleobject,com.iluwatar.roleobject.Role.BORROWER,,
iluwatar,roleobject,com.iluwatar.roleobject.Role.INVESTOR,,
io,io,java.io.InputStream,,
net,net,java.net.DatagramPacket,,
net,net,java.net.DatagramSocket,,
net,net,java.net.InetAddress,,
net,net,java.net.Socket,,
net,net,java.net.UnknownHostException,,
iluwatar,reactor,com.iluwatar.reactor.framework.NioDatagramChannel.DatagramPacket,,
nio,nio,java.nio.ByteBuffer,,
nio,channels,java.nio.channels.SelectionKey,,
nio,channels,java.nio.channels.SelectableChannel,,
iluwatar,separatedinterface,com.iluwatar.separatedinterface.invoice.InvoiceGenerator,,
iluwatar,separatedinterface,com.iluwatar.separatedinterface.taxes.DomesticTaxCalculator,,
iluwatar,separatedinterface,com.iluwatar.separatedinterface.taxes.ForeignTaxCalculator,,
nio,channels,java.nio.channels.Selector,,
net,net,java.net.SocketAddress,,
nio,channels,java.nio.channels.DatagramChannel,,
io,io,java.io.ObjectInputStream,,
io,io,java.io.ObjectOutputStream,,
sql,sql,java.sql.Blob,,
nio,channels,java.nio.channels.ServerSocketChannel,,
nio,file,java.nio.file.Files,,
nio,file,java.nio.file.Paths,,
iluwatar,slob,com.iluwatar.slob.lob.Animal,,
iluwatar,slob,com.iluwatar.slob.lob.Forest,,
iluwatar,slob,com.iluwatar.slob.lob.Plant,,
iluwatar,slob,com.iluwatar.slob.serializers.BlobSerializer,,
iluwatar,slob,com.iluwatar.slob.serializers.ClobSerializer,,
iluwatar,slob,com.iluwatar.slob.serializers.LobSerializer,,
javax,xml,javax.xml.parsers.ParserConfigurationException,,
javax,xml,javax.xml.transform.TransformerException,,
xml,sax,org.xml.sax.SAXException,,
nio,channels,java.nio.channels.SocketChannel,,
iluwatar,reactor,com.iluwatar.reactor.framework.SameThreadDispatcher,,
iluwatar,saga,com.iluwatar.saga.orchestration.Saga.Result,,
iluwatar,saga,com.iluwatar.saga.orchestration.Saga.Result.CRASHED,,
net,httpserver,com.sun.net.httpserver.HttpServer,,
iluwatar,saga,com.iluwatar.saga.orchestration.Saga.Result.FINISHED,,
net,net,java.net.InetSocketAddress,,
time,time,java.time.Instant,,
iluwatar,saga,com.iluwatar.saga.orchestration.Saga.Result.ROLLBACK,,
util,util,java.util.Iterator,,
net,httpserver,com.sun.net.httpserver.HttpExchange,,
net,httpserver,com.sun.net.httpserver.HttpHandler,,
io,io,java.io.OutputStream,,
iluwatar,saga,com.iluwatar.saga.orchestration.SagaApplication,,
net,httpserver,com.sun.net.httpserver.Headers,,
iluwatar,separatedinterface,com.iluwatar.separatedinterface.invoice.TaxCalculator,,
w3c,dom,org.w3c.dom.Document,,
w3c,dom,org.w3c.dom.Element,,
w3c,dom,org.w3c.dom.Node,,
w3c,dom,org.w3c.dom.NodeList,,
iluwatar,slob,com.iluwatar.slob.lob.Animal.iterateXmlForAnimalAndPlants,,
javax,xml,javax.xml.parsers.DocumentBuilderFactory,,
iluwatar,model,com.iluwatar.model.view.controller.Fatigue,,
iluwatar,model,com.iluwatar.model.view.controller.Health,,
iluwatar,model,com.iluwatar.model.view.controller.Nourishment,,
w3c,dom,org.w3c.dom.NamedNodeMap,,
io,io,java.io.ObjectInput,,
javax,xml,javax.xml.parsers.DocumentBuilder,,
javax,xml,javax.xml.transform.OutputKeys,,
javax,xml,javax.xml.transform.Transformer,,
javax,xml,javax.xml.transform.TransformerFactory,,
javax,xml,javax.xml.transform.dom.DOMSource,,
javax,xml,javax.xml.transform.stream.StreamResult,,
iluwatar,slob,com.iluwatar.slob.dbservice.DatabaseService,,
iluwatar,servicelayer,com.iluwatar.servicelayer.magic.MagicService,,
iluwatar,servicelayer,com.iluwatar.servicelayer.magic.MagicServiceImpl,,
iluwatar,servicelayer,com.iluwatar.servicelayer.spell.Spell,,
iluwatar,servicelayer,com.iluwatar.servicelayer.spell.SpellDaoImpl,,
iluwatar,servicelayer,com.iluwatar.servicelayer.spellbook.Spellbook,,
iluwatar,servicelayer,com.iluwatar.servicelayer.spellbook.SpellbookDaoImpl,,
iluwatar,servicelayer,com.iluwatar.servicelayer.wizard.Wizard,,
iluwatar,servicelayer,com.iluwatar.servicelayer.wizard.WizardDaoImpl,,
jakarta,persistence,jakarta.persistence.MappedSuperclass,,
iluwatar,servicelayer,com.iluwatar.servicelayer.hibernate.HibernateUtil,,
junit,jupiter,org.junit.jupiter.params.provider.CsvSource,,
hibernate,hibernate,org.hibernate.Transaction,,
iluwatar,servicelayer,com.iluwatar.servicelayer.spell.SpellDao,,
iluwatar,servicelayer,com.iluwatar.servicelayer.spellbook.SpellbookDao,,
iluwatar,servicelayer,com.iluwatar.servicelayer.wizard.WizardDao,,
iluwatar,servicelayer,com.iluwatar.servicelayer.common.BaseEntity,,
jakarta,persistence,jakarta.persistence.JoinColumn,,
jakarta,persistence,jakarta.persistence.Table,,
iluwatar,servicelayer,com.iluwatar.servicelayer.common.Dao,,
iluwatar,servicelayer,com.iluwatar.servicelayer.common.DaoBaseImpl,,
jakarta,persistence,jakarta.persistence.DiscriminatorValue,,
jakarta,persistence,jakarta.persistence.ManyToMany,,
jakarta,persistence,jakarta.persistence.DiscriminatorColumn,,
jakarta,persistence,jakarta.persistence.GenerationType,,
jakarta,persistence,jakarta.persistence.Inheritance,,
jakarta,persistence,jakarta.persistence.InheritanceType,,
iluwatar,repository,com.iluwatar.repository.VehicleRepository,,
time,Duration,java.time.Duration.ofMillis,,
junit,jupiter,org.junit.jupiter.api.Assertions.assertTimeout,,
mockito,Mockito,org.mockito.Mockito.verifyNoInteractions,,
iluwatar,servicelayer,com.iluwatar.servicelayer.common.BaseDaoTest,,
iluwatar,specification,com.iluwatar.specification.creature.Creature,,
iluwatar,specification,com.iluwatar.specification.creature.Dragon,,
iluwatar,specification,com.iluwatar.specification.creature.Goblin,,
iluwatar,specification,com.iluwatar.specification.creature.KillerBee,,
iluwatar,specification,com.iluwatar.specification.creature.Octopus,,
iluwatar,specification,com.iluwatar.specification.creature.Shark,,
iluwatar,specification,com.iluwatar.specification.creature.Troll,,
iluwatar,specification,com.iluwatar.specification.property.Color,,
iluwatar,specification,com.iluwatar.specification.property.Movement,,
iluwatar,specification,com.iluwatar.specification.selector.ColorSelector,,
iluwatar,specification,com.iluwatar.specification.selector.MassEqualSelector,,
iluwatar,specification,com.iluwatar.specification.selector.MassGreaterThanSelector,,
iluwatar,specification,com.iluwatar.specification.selector.MassSmallerThanOrEqSelector,,
iluwatar,specification,com.iluwatar.specification.selector.MovementSelector,,
iluwatar,specification,com.iluwatar.specification.property.Mass,,
iluwatar,specification,com.iluwatar.specification.property.Size,,
github,stefanbirkner,com.github.stefanbirkner.systemlambda.SystemLambda.tapSystemOutNormalized,,
github,stefanbirkner,com.github.stefanbirkner.systemlambda.Statement,,
util,logging,java.util.logging.ConsoleHandler,,
util,logging,java.util.logging.Handler,,
iluwatar,throttling,com.iluwatar.throttling.CallsCount,,
util,util,java.util.Timer,,
util,util,java.util.TimerTask,,
lombok,lombok,lombok.Value,,
hamcrest,Matchers,org.hamcrest.Matchers.instanceOf,,
hamcrest,core,org.hamcrest.core.IsInstanceOf.instanceOf,,
hamcrest,hamcrest,org.hamcrest.MatcherAssert,,
iluwatar,corruption,com.iluwatar.corruption.system.DataStore,,
iluwatar,corruption,com.iluwatar.corruption.system.AntiCorruptionLayer,,
iluwatar,corruption,com.iluwatar.corruption.system.ShopException,,
util,concurrent,java.util.concurrent.RejectedExecutionException,,
util,concurrent,java.util.concurrent.atomic.AtomicReference,,
iluwatar,throttling,com.iluwatar.throttling.timer.ThrottleTimerImpl,,
mockito,mockito,org.mockito.Captor,,
security,security,java.security.InvalidParameterException,,
javax,persistence,javax.persistence.Entity,,
iluwatar,throttling,com.iluwatar.throttling.timer.Throttler,,
javax,persistence,javax.persistence.GeneratedValue,,
javax,persistence,javax.persistence.GenerationType,,
javax,persistence,javax.persistence.Id,,
util,concurrent,java.util.concurrent.atomic.AtomicLong,,
javax,persistence,javax.persistence.ManyToOne,,
iluwatar,component,com.iluwatar.component.GameObject,,
io,io,java.io.FileInputStream,,
io,io,java.io.FileOutputStream,,
iluwatar,data,com.iluwatar.data.locality.game.component.manager.AiComponentManager,,
iluwatar,data,com.iluwatar.data.locality.game.component.manager.PhysicsComponentManager,,
iluwatar,data,com.iluwatar.data.locality.game.component.manager.RenderComponentManager,,
iluwatar,delegation,com.iluwatar.delegation.simple.Printer,,
nio,file,java.nio.file.Path,,
junit,jupiter,org.junit.jupiter.api.io.TempDir,,
lang,annotation,java.lang.annotation.ElementType,,
lang,annotation,java.lang.annotation.Retention,,
lang,annotation,java.lang.annotation.RetentionPolicy,,
lang,annotation,java.lang.annotation.Target,,
fasterxml,jackson,com.fasterxml.jackson.annotation.JsonCreator,,
fasterxml,jackson,com.fasterxml.jackson.annotation.JsonProperty,,
iluwatar,event,com.iluwatar.event.sourcing.domain.Account,,
iluwatar,event,com.iluwatar.event.sourcing.event.DomainEvent,,
io,io,java.io.BufferedWriter,,
lang,Thread,java.lang.Thread.UncaughtExceptionHandler,,
mockito,Mockito,org.mockito.Mockito.atLeastOnce,,
io,io,java.io.OutputStreamWriter,,
lombok,lombok,lombok.AccessLevel,,
iluwatar,typeobject,com.iluwatar.typeobject.Candy.Type,,
gson,gson,com.google.gson.JsonParseException,,
gson,gson,com.google.gson.JsonArray,,
gson,gson,com.google.gson.JsonObject,,
iluwatar,fluentinterface,com.iluwatar.fluentinterface.fluentiterable.FluentIterableTest,,
util,Objects,java.util.Objects.requireNonNullElse,,
springframework,web,org.springframework.web.bind.annotation.RestController,,
iluwatar,abstractdocument,com.iluwatar.abstractdocument.AbstractDocument,,
iluwatar,abstractdocument,com.iluwatar.abstractdocument.Document,,
iluwatar,corruption,com.iluwatar.corruption.system.legacy.LegacyShop,,
iluwatar,corruption,com.iluwatar.corruption.system.modern.Customer,,
iluwatar,corruption,com.iluwatar.corruption.system.modern.ModernOrder,,
iluwatar,corruption,com.iluwatar.corruption.system.modern.Shipment,,
iluwatar,corruption,com.iluwatar.corruption.system.legacy.LegacyOrder,,
iluwatar,corruption,com.iluwatar.corruption.system.modern.ModernShop,,
net,http,java.net.http.HttpResponse.BodyHandlers,,
mockito,ArgumentMatchers,org.mockito.ArgumentMatchers.anyString,,
iluwatar,bytecode,com.iluwatar.bytecode.Instruction,,
iluwatar,caching,com.iluwatar.caching.UserAccount,,
iluwatar,caching,com.iluwatar.caching.constants.CachingConstants.ADD_INFO,,
iluwatar,caching,com.iluwatar.caching.constants.CachingConstants.USER_ACCOUNT,,
iluwatar,caching,com.iluwatar.caching.constants.CachingConstants.USER_ID,,
iluwatar,caching,com.iluwatar.caching.constants.CachingConstants.USER_NAME,,
iluwatar,caching,com.iluwatar.caching.constants.CachingConstants,,
mongodb,mongodb,com.mongodb.MongoClient,,
mongodb,mongodb,com.mongodb.MongoClientOptions,,
mongodb,mongodb,com.mongodb.MongoCredential,,
mongodb,mongodb,com.mongodb.ServerAddress,,
mongodb,client,com.mongodb.client.MongoDatabase,,
mongodb,client,com.mongodb.client.model.UpdateOptions,,
bson,bson,org.bson.Document,,
mongodb,client,com.mongodb.client.FindIterable,,
mongodb,client,com.mongodb.client.MongoCollection,,
springframework,http,org.springframework.http.ResponseEntity,,
springframework,web,org.springframework.web.bind.annotation.RequestBody,,
iluwatar,cqrs,com.iluwatar.cqrs.constants.AppConstants,,
springframework,boot,org.springframework.boot.web.client.RestTemplateBuilder,,
iluwatar,cqrs,com.iluwatar.cqrs.util.HibernateUtil,,
springframework,web,org.springframework.web.client.HttpClientErrorException,,
springframework,web,org.springframework.web.client.ResourceAccessException,,
springframework,web,org.springframework.web.client.RestTemplate,,
iluwatar,product,com.iluwatar.product.microservice.microservice.Main,,
iluwatar,product,com.iluwatar.product.microservice.microservice.ProductController,,
iluwatar,model,com.iluwatar.model.view.intent.actions.CalculatorAction,,
javax,swing,javax.swing.ScrollPaneConstants.HORIZONTAL_SCROLLBAR_AS_NEEDED,,
javax,swing,javax.swing.ScrollPaneConstants.VERTICAL_SCROLLBAR_AS_NEEDED,,
awt,awt,java.awt.Color,,
javax,swing,javax.swing.JOptionPane,,
zkoss,bind,org.zkoss.bind.annotation.Command,,
zkoss,bind,org.zkoss.bind.annotation.NotifyChange,,
zkoss,zk,org.zkoss.zk.ui.select.annotation.WireVariable,,
util,concurrent,java.util.concurrent.CopyOnWriteArraySet,,
junit,jupiter,org.junit.jupiter.api.Assertions.assertInstanceOf,,
iluwatar,publish,com.iluwatar.publish.subscribe.LoggerExtension,,
iluwatar,data,com.iluwatar.data.locality.game.component.AiComponent,,
iluwatar,data,com.iluwatar.data.locality.game.component.Component,,
iluwatar,data,com.iluwatar.data.locality.game.component.PhysicsComponent,,
iluwatar,data,com.iluwatar.data.locality.game.component.RenderComponent,,
