io,io,java.io.Serial,,
jspecify,annotations,org.jspecify.annotations.Nullable,,
springframework,dao,org.springframework.dao.DataRetrievalFailureException,,
springframework,dao,org.springframework.dao.DataAccessResourceFailureException,,
springframework,dao,org.springframework.dao.DataAccessException,,
springframework,core,org.springframework.core.convert.converter.Converter,,
springframework,dao,org.springframework.dao.UncategorizedDataAccessException,,
springframework,context,org.springframework.context.annotation.Bean,,
io,io,java.io.Serializable,,
springframework,context,org.springframework.context.annotation.Configuration,,
nio,nio,java.nio.ByteBuffer,,
util,util,java.util.UUID,,
util,util,java.util.ArrayList,,
util,util,java.util.LinkedHashSet,,
util,util,java.util.List,,
util,util,java.util.Set,,
springframework,beans,org.springframework.beans.factory.DisposableBean,,
springframework,context,org.springframework.context.SmartLifecycle,,
springframework,data,org.springframework.data.redis.connection.RedisConnectionFactory,,
util,concurrent,java.util.concurrent.atomic.AtomicLong,,
springframework,jdbc,org.springframework.jdbc.datasource.DataSourceTransactionManager,,
springframework,test,org.springframework.test.annotation.Rollback,,
springframework,test,org.springframework.test.context.junit.jupiter.SpringExtension,,
springframework,test,org.springframework.test.context.transaction.AfterTransaction,,
junit,jupiter,org.junit.jupiter.api.AfterEach,,
junit,jupiter,org.junit.jupiter.api.BeforeEach,,
junit,jupiter,org.junit.jupiter.api.Test,,
springframework,context,org.springframework.context.support.GenericXmlApplicationContext,,
springframework,data,org.springframework.data.redis.core.RedisOperations,,
springframework,transaction,org.springframework.transaction.PlatformTransactionManager,,
springframework,data,org.springframework.data.redis.core.HashOperations,,
springframework,data,org.springframework.data.redis.core.ListOperations,,
springframework,data,org.springframework.data.redis.core.SetOperations,,
springframework,data,org.springframework.data.redis.core.ValueOperations,,
springframework,data,org.springframework.data.redis.core.ZSetOperations,,
util,util,java.util.Arrays,,
util,util,java.util.Collections,,
util,util,java.util.HashSet,,
springframework,transaction,org.springframework.transaction.annotation.Transactional,,
util,util,java.util.Properties,,
springframework,data,org.springframework.data.redis.connection.RedisClusterConfiguration,,
springframework,data,org.springframework.data.redis.connection.RedisSentinelConfiguration,,
springframework,data,org.springframework.data.redis.connection.RedisSocketConfiguration,,
springframework,data,org.springframework.data.redis.connection.RedisStandaloneConfiguration,,
awaitility,awaitility,org.awaitility.Awaitility,,
util,function,java.util.function.Consumer,,
springframework,aot,org.springframework.aot.hint.MemberCategory,,
springframework,aot,org.springframework.aot.hint.RuntimeHints,,
springframework,aot,org.springframework.aot.hint.RuntimeHintsRegistrar,,
springframework,aot,org.springframework.aot.hint.TypeReference,,
springframework,data,org.springframework.data.keyvalue.annotation.KeySpace,,
springframework,data,org.springframework.data.keyvalue.core.AbstractKeyValueAdapter,,
springframework,data,org.springframework.data.keyvalue.core.KeyValueAdapter,,
springframework,data,org.springframework.data.keyvalue.core.KeyValueOperations,,
springframework,data,org.springframework.data.keyvalue.core.KeyValueTemplate,,
springframework,data,org.springframework.data.keyvalue.core.mapping.context.KeyValueMappingContext,,
springframework,data,org.springframework.data.keyvalue.repository.KeyValueRepository,,
springframework,data,org.springframework.data.keyvalue.repository.config.QueryCreatorType,,
springframework,data,org.springframework.data.keyvalue.repository.query.KeyValuePartTreeQuery,,
springframework,data,org.springframework.data.keyvalue.repository.support.KeyValueRepositoryFactoryBean,,
springframework,data,org.springframework.data.redis.cache.RedisCacheManager,,
springframework,data,org.springframework.data.redis.core.RedisConnectionUtils.RedisConnectionProxy,,
springframework,data,org.springframework.data.redis.core.convert.KeyspaceConfiguration,,
springframework,data,org.springframework.data.redis.core.convert.MappingConfiguration,,
springframework,data,org.springframework.data.redis.core.convert.MappingRedisConverter,,
springframework,data,org.springframework.data.redis.core.convert.RedisConverter,,
springframework,data,org.springframework.data.redis.core.convert.RedisCustomConversions,,
springframework,data,org.springframework.data.redis.core.convert.ReferenceResolver,,
springframework,data,org.springframework.data.redis.core.convert.ReferenceResolverImpl,,
springframework,data,org.springframework.data.redis.core.index.ConfigurableIndexDefinitionProvider,,
springframework,data,org.springframework.data.redis.core.index.IndexConfiguration,,
springframework,data,org.springframework.data.redis.core.mapping.RedisMappingContext,,
springframework,data,org.springframework.data.redis.listener.RedisMessageListenerContainer,,
springframework,data,org.springframework.data.redis.repository.query.RedisPartTreeQuery,,
springframework,data,org.springframework.data.redis.repository.query.RedisQueryCreator,,
springframework,data,org.springframework.data.redis.repository.support.RedisRepositoryFactoryBean,,
springframework,util,org.springframework.util.ClassUtils,,
junit,jupiter,org.junit.jupiter.api.BeforeAll,,
util,util,java.util.Iterator,,
io,lettuce,io.lettuce.core.pubsub.api.reactive.RedisPubSubReactiveCommands,,
util,util,java.util.NoSuchElementException,,
util,util,java.util.Optional,,
springframework,data,org.springframework.data.redis.connection.RedisConnection,,
springframework,data,org.springframework.data.redis.connection.RedisKeyCommands,,
springframework,data,org.springframework.data.redis.core.Cursor,,
springframework,data,org.springframework.data.redis.core.ScanOptions,,
springframework,util,org.springframework.util.Assert,,
time,time,java.time.Instant,,
util,concurrent,java.util.concurrent.TimeUnit,,
util,util,java.util.Map,,
util,concurrent,java.util.concurrent.ConcurrentHashMap,,
reactor,core,reactor.core.publisher.Flux,,
reactor,core,reactor.core.publisher.Mono,,
nio,charset,java.nio.charset.StandardCharsets,,
time,time,java.time.Duration,,
util,concurrent,java.util.concurrent.CompletableFuture,,
springframework,beans,org.springframework.beans.factory.InitializingBean,,
util,function,java.util.function.Function,,
util,function,java.util.function.Supplier,,
springframework,dao,org.springframework.dao.PessimisticLockingFailureException,,
springframework,data,org.springframework.data.redis.connection.ReactiveRedisConnection,,
springframework,data,org.springframework.data.redis.connection.ReactiveRedisConnectionFactory,,
springframework,data,org.springframework.data.redis.connection.ReactiveStringCommands,,
springframework,data,org.springframework.data.redis.connection.RedisStringCommands,,
springframework,data,org.springframework.data.redis.connection.RedisStringCommands.SetOption,,
springframework,data,org.springframework.data.redis.core.types.Expiration,,
springframework,data,org.springframework.data.redis.util.ByteUtils,,
springframework,util,org.springframework.util.ObjectUtils,,
io,lettuce,io.lettuce.core.CompositeArgument,,
springframework,data,org.springframework.data.redis.cache.RedisCacheWriter.TtlFunction,,
util,concurrent,java.util.concurrent.atomic.LongAdder,,
io,lettuce,io.lettuce.core.EpollProvider,,
io,lettuce,io.lettuce.core.KqueueProvider,,
lang,reflect,java.lang.reflect.Method,,
io,lettuce,io.lettuce.core.api.reactive.BaseRedisReactiveCommands,,
io,lettuce,io.lettuce.core.api.reactive.RedisReactiveCommands,,
util,util,java.util.Collection,,
util,Map,java.util.Map.Entry,,
util,util,java.util.StringJoiner,,
util,concurrent,java.util.concurrent.Callable,,
io,lettuce,io.lettuce.core.cluster.api.reactive.RedisClusterReactiveCommands,,
springframework,cache,org.springframework.cache.Cache,,
springframework,cache,org.springframework.cache.support.AbstractValueAdaptingCache,,
springframework,cache,org.springframework.cache.support.NullValue,,
springframework,cache,org.springframework.cache.support.SimpleValueWrapper,,
springframework,core,org.springframework.core.convert.ConversionFailedException,,
springframework,core,org.springframework.core.convert.ConversionService,,
springframework,core,org.springframework.core.convert.TypeDescriptor,,
springframework,data,org.springframework.data.redis.serializer.RedisSerializationContext,,
springframework,data,org.springframework.data.redis.serializer.RedisSerializer,,
springframework,aop,org.springframework.aop.RawTargetAccess,,
io,io,java.io.File,,
springframework,util,org.springframework.util.ReflectionUtils,,
springframework,cache,org.springframework.cache.interceptor.SimpleKey,,
springframework,core,org.springframework.core.convert.converter.ConverterRegistry,,
springframework,data,org.springframework.data.redis.serializer.RedisSerializationContext.SerializationPair,,
springframework,transaction,org.springframework.transaction.support.ResourceHolderSupport,,
springframework,format,org.springframework.format.support.DefaultFormattingConversionService,,
springframework,transaction,org.springframework.transaction.support.TransactionSynchronization,,
springframework,transaction,org.springframework.transaction.support.TransactionSynchronizationManager,,
util,util,java.util.HashMap,,
util,util,java.util.LinkedHashMap,,
lang,annotation,java.lang.annotation.Documented,,
lang,annotation,java.lang.annotation.ElementType,,
lang,annotation,java.lang.annotation.Inherited,,
lang,annotation,java.lang.annotation.Retention,,
springframework,cache,org.springframework.cache.CacheManager,,
springframework,cache,org.springframework.cache.transaction.AbstractTransactionSupportingCacheManager,,
lang,annotation,java.lang.annotation.RetentionPolicy,,
lang,annotation,java.lang.annotation.Target,,
springframework,core,org.springframework.core.annotation.AliasFor,,
springframework,data,org.springframework.data.annotation.Persistent,,
nio,charset,java.nio.charset.Charset,,
springframework,beans,org.springframework.beans.factory.support.BeanDefinitionBuilder,,
springframework,beans,org.springframework.beans.factory.xml.AbstractSimpleBeanDefinitionParser,,
springframework,data,org.springframework.data.redis.support.collections.RedisCollectionFactoryBean,,
springframework,util,org.springframework.util.StringUtils,,
w3c,dom,org.w3c.dom.Element,,
springframework,context,org.springframework.context.ApplicationEvent,,
springframework,data,org.springframework.data.redis.core.convert.MappingRedisConverter.BinaryKeyspaceIdentifier,,
springframework,beans,org.springframework.beans.factory.config.BeanDefinition,,
springframework,beans,org.springframework.beans.factory.support.ManagedMap,,
springframework,data,org.springframework.data.redis.connection.ClusterInfo,,
springframework,beans,org.springframework.beans.factory.xml.ParserContext,,
springframework,data,org.springframework.data.redis.listener.ChannelTopic,,
springframework,data,org.springframework.data.redis.listener.PatternTopic,,
springframework,data,org.springframework.data.redis.listener.Topic,,
springframework,data,org.springframework.data.redis.listener.adapter.MessageListenerAdapter,,
springframework,util,org.springframework.util.xml.DomUtils,,
w3c,dom,org.w3c.dom.Attr,,
w3c,dom,org.w3c.dom.NamedNodeMap,,
springframework,beans,org.springframework.beans.factory.xml.NamespaceHandler,,
springframework,beans,org.springframework.beans.factory.xml.NamespaceHandlerSupport,,
io,io,java.io.IOException,,
commons,logging,org.apache.commons.logging.Log,,
commons,logging,org.apache.commons.logging.LogFactory,,
springframework,dao,org.springframework.dao.InvalidDataAccessApiUsageException,,
springframework,dao,org.springframework.dao.InvalidDataAccessResourceUsageException,,
util,concurrent,java.util.concurrent.atomic.AtomicReference,,
springframework,beans,org.springframework.beans.BeansException,,
jspecify,annotations,org.jspecify.annotations.NullUnmarked,,
springframework,context,org.springframework.context.ApplicationContext,,
springframework,data,org.springframework.data.redis.connection.BitFieldSubCommands.BitFieldSubCommand,,
springframework,context,org.springframework.context.ApplicationContextAware,,
springframework,context,org.springframework.context.ApplicationEventPublisher,,
springframework,context,org.springframework.context.ApplicationListener,,
util,concurrent,java.util.concurrent.ExecutionException,,
util,concurrent,java.util.concurrent.Future,,
util,concurrent,java.util.concurrent.TimeoutException,,
util,stream,java.util.stream.Collectors,,
springframework,core,org.springframework.core.task.AsyncTaskExecutor,,
springframework,core,org.springframework.core.task.SimpleAsyncTaskExecutor,,
springframework,data,org.springframework.data.redis.ClusterRedirectException,,
springframework,data,org.springframework.data.redis.ClusterStateFailureException,,
springframework,data,org.springframework.data.redis.ExceptionTranslationStrategy,,
springframework,data,org.springframework.data.redis.TooManyClusterRedirectionsException,,
springframework,data,org.springframework.data.redis.connection.util.ByteArraySet,,
springframework,data,org.springframework.data.redis.connection.util.ByteArrayWrapper,,
springframework,lang,org.springframework.lang.Contract,,
springframework,util,org.springframework.util.CollectionUtils,,
springframework,data,org.springframework.data.mapping.PersistentPropertyAccessor,,
springframework,data,org.springframework.data.redis.core.types.RedisClientInfo.INFO,,
springframework,data,org.springframework.data.redis.connection.Message,,
springframework,data,org.springframework.data.redis.connection.MessageListener,,
springframework,data,org.springframework.data.redis.core.PartialUpdate.PropertyUpdate,,
springframework,data,org.springframework.data.redis.core.PartialUpdate.UpdateCommand,,
springframework,data,org.springframework.data.redis.core.RedisKeyValueAdapter.RedisUpdateObject.Index,,
springframework,data,org.springframework.data.redis.core.convert.MappingRedisConverter.KeyspaceIdentifier,,
springframework,data,org.springframework.data.redis.core.convert.PathIndexResolver,,
util,concurrent,java.util.concurrent.atomic.AtomicReferenceFieldUpdater,,
springframework,data,org.springframework.data.redis.connection.jedis.JedisConnectionFactory,,
springframework,data,org.springframework.data.redis.connection.lettuce.LettuceConnectionFactory,,
util,util,java.util.EnumSet,,
springframework,data,org.springframework.data.redis.core.convert.RedisData,,
springframework,data,org.springframework.data.redis.core.mapping.RedisPersistentEntity,,
springframework,data,org.springframework.data.redis.core.mapping.RedisPersistentProperty,,
springframework,data,org.springframework.data.redis.core.types.RedisClientInfo,,
springframework,data,org.springframework.data.redis.listener.KeyExpirationEventMessageListener,,
io,lettuce,io.lettuce.core.api.reactive.RedisScriptingReactiveCommands,,
springframework,data,org.springframework.data.geo.Circle,,
springframework,data,org.springframework.data.geo.Distance,,
springframework,data,org.springframework.data.geo.GeoResults,,
springframework,data,org.springframework.data.geo.Metric,,
springframework,data,org.springframework.data.geo.Point,,
springframework,data,org.springframework.data.redis.connection.stream.ByteRecord,,
springframework,data,org.springframework.data.redis.connection.stream.Consumer,,
springframework,data,org.springframework.data.redis.connection.stream.MapRecord,,
springframework,data,org.springframework.data.redis.connection.stream.PendingMessages,,
springframework,data,org.springframework.data.redis.connection.stream.PendingMessagesSummary,,
springframework,data,org.springframework.data.redis.connection.stream.ReadOffset,,
springframework,data,org.springframework.data.redis.connection.stream.RecordId,,
springframework,data,org.springframework.data.redis.connection.stream.StreamInfo.XInfoConsumers,,
springframework,data,org.springframework.data.redis.connection.stream.StreamInfo.XInfoGroups,,
springframework,data,org.springframework.data.redis.connection.stream.StreamInfo.XInfoStream,,
springframework,data,org.springframework.data.redis.connection.stream.StreamOffset,,
springframework,data,org.springframework.data.redis.connection.stream.StreamReadOptions,,
springframework,data,org.springframework.data.redis.connection.zset.Aggregate,,
springframework,data,org.springframework.data.redis.connection.zset.Tuple,,
springframework,data,org.springframework.data.redis.connection.zset.Weights,,
springframework,data,org.springframework.data.keyvalue.core.KeyValueCallback,,
springframework,data,org.springframework.data.redis.domain.geo.GeoReference,,
springframework,data,org.springframework.data.redis.domain.geo.GeoShape,,
springframework,data,org.springframework.data.keyvalue.core.mapping.KeyValuePersistentProperty,,
springframework,data,org.springframework.data.redis.connection.ReactiveScriptingCommands,,
util,function,java.util.function.IntFunction,,
springframework,data,org.springframework.data.redis.connection.ReactiveServerCommands,,
springframework,data,org.springframework.data.redis.RedisSystemException,,
springframework,data,org.springframework.data.redis.connection.convert.Converters,,
springframework,data,org.springframework.data.redis.connection.convert.ListConverter,,
springframework,data,org.springframework.data.redis.connection.convert.MapConverter,,
springframework,data,org.springframework.data.redis.connection.convert.SetConverter,,
springframework,data,org.springframework.data.redis.connection.stream.StringRecord,,
springframework,data,org.springframework.data.redis.connection.zset.DefaultTuple,,
springframework,data,org.springframework.data.redis.core.ConvertingCursor,,
springframework,data,org.springframework.data.redis.core.query.SortQuery,,
mockito,mockito,org.mockito.ArgumentMatchers,,
springframework,data,org.springframework.data.redis.domain.geo.GeoReference.GeoMemberReference,,
io,lettuce,io.lettuce.core.XAddArgs,,
springframework,data,org.springframework.data.redis.serializer.StringRedisSerializer,,
io,lettuce,io.lettuce.core.XClaimArgs,,
io,lettuce,io.lettuce.core.XGroupCreateArgs,,
io,lettuce,io.lettuce.core.XReadArgs,,
io,lettuce,io.lettuce.core.XReadArgs.StreamOffset,,
springframework,data,org.springframework.data.redis.connection.StringRedisConnection.StringTuple,,
util,util,java.util.Comparator,,
io,lettuce,io.lettuce.core.models.stream.PendingMessage,,
util,util,java.util.Objects,,
springframework,core,org.springframework.core.NestedRuntimeException,,
springframework,data,org.springframework.data.keyvalue.core.CriteriaAccessor,,
springframework,data,org.springframework.data.keyvalue.core.QueryEngine,,
springframework,data,org.springframework.data.keyvalue.core.SortAccessor,,
springframework,data,org.springframework.data.keyvalue.core.SpelSortAccessor,,
springframework,data,org.springframework.data.keyvalue.core.query.KeyValueQuery,,
springframework,data,org.springframework.data.redis.connection.RedisClusterNode.SlotRange,,
springframework,data,org.springframework.data.mapping.PersistentPropertyPath,,
springframework,data,org.springframework.data.redis.connection.ReactiveStreamCommands.GroupCommand.GroupCommandAction,,
springframework,data,org.springframework.data.redis.connection.RedisServerCommands.FlushOption,,
springframework,data,org.springframework.data.redis.repository.query.RedisOperationChain,,
springframework,data,org.springframework.data.redis.repository.query.RedisOperationChain.NearPath,,
springframework,data,org.springframework.data.redis.repository.query.RedisOperationChain.PathAndValue,,
springframework,expression,org.springframework.expression.spel.standard.SpelExpressionParser,,
reactivestreams,reactivestreams,org.reactivestreams.Publisher,,
springframework,data,org.springframework.data.domain.Sort.Direction,,
springframework,data,org.springframework.data.geo.GeoResult,,
io,lettuce,io.lettuce.core.BitFieldArgs,,
io,lettuce,io.lettuce.core.GetExArgs,,
springframework,data,org.springframework.data.redis.connection.ReactiveRedisConnection.CommandResponse,,
springframework,data,org.springframework.data.redis.connection.ReactiveRedisConnection.KeyCommand,,
springframework,data,org.springframework.data.redis.connection.ReactiveRedisConnection.MultiValueResponse,,
springframework,data,org.springframework.data.redis.connection.ReactiveRedisConnection.NumericResponse,,
springframework,data,org.springframework.data.redis.connection.RedisGeoCommands.GeoRadiusCommandArgs.Flag,,
io,lettuce,io.lettuce.core.SetArgs,,
springframework,beans,org.springframework.beans.factory.BeanClassLoaderAware,,
springframework,data,org.springframework.data.redis.connection.ReactiveRedisConnection.BooleanResponse,,
springframework,data,org.springframework.data.redis.connection.ReactiveRedisConnection.Command,,
springframework,data,org.springframework.data.redis.connection.ReactiveRedisConnection.KeyScanCommand,,
springframework,data,org.springframework.data.redis.connection.ReactiveRedisConnection.AbsentByteBufferResponse,,
springframework,data,org.springframework.data.redis.connection.RedisServerCommands,,
springframework,data,org.springframework.data.redis.connection.RedisTxCommands,,
springframework,data,org.springframework.data.redis.connection.SortParameters,,
springframework,data,org.springframework.data.redis.core.query.QueryUtils,,
springframework,data,org.springframework.data.redis.core.script.DefaultScriptExecutor,,
springframework,data,org.springframework.data.redis.core.script.ScriptExecutor,,
springframework,data,org.springframework.data.redis.serializer.JdkSerializationRedisSerializer,,
reactor,core,reactor.core.publisher.ConnectableFlux,,
util,concurrent,java.util.concurrent.ConcurrentSkipListSet,,
springframework,data,org.springframework.data.redis.core.KeyScanOptions,,
io,lettuce,io.lettuce.core.Limit,,
springframework,data,org.springframework.data.redis.connection.ReactiveRedisConnection.ByteBufferResponse,,
io,lettuce,io.lettuce.core.Range,,
io,lettuce,io.lettuce.core.ScoredValue,,
springframework,data,org.springframework.data.redis.connection.ReactiveRedisConnection.RangeCommand,,
springframework,data,org.springframework.data.redis.connection.RedisListCommands.Position,,
io,lettuce,io.lettuce.core.ZAddArgs,,
io,lettuce,io.lettuce.core.ZStoreArgs,,
springframework,core,org.springframework.core.convert.support.DefaultConversionService,,
springframework,data,org.springframework.data.redis.connection.ReactiveSubscription.ChannelMessage,,
io,lettuce,io.lettuce.core.output.ScanOutput,,
io,io,java.io.Closeable,,
io,lettuce,io.lettuce.core.output.StatusOutput,,
io,lettuce,io.lettuce.core.protocol.AsyncCommand,,
springframework,data,org.springframework.data.domain.Range,,
springframework,data,org.springframework.data.domain.Range.Bound,,
springframework,dao,org.springframework.dao.support.PersistenceExceptionTranslator,,
io,lettuce,io.lettuce.core.api.async.RedisScriptingAsyncCommands,,
springframework,data,org.springframework.data.redis.connection.DefaultStringRedisConnection,,
springframework,data,org.springframework.data.redis.connection.StringRedisConnection,,
io,lettuce,io.lettuce.core.RedisURI.Builder,,
springframework,data,org.springframework.data.annotation.ReadOnlyProperty,,
io,lettuce,io.lettuce.core.sentinel.api.sync.RedisSentinelCommands,,
springframework,data,org.springframework.data.redis.connection.RedisStreamCommands.XClaimOptions,,
springframework,data,org.springframework.data.redis.connection.RedisStreamCommands.XAddOptions,,
springframework,data,org.springframework.data.redis.connection.RedisStreamCommands.XPendingOptions,,
springframework,data,org.springframework.data.redis.connection.stream.ByteBufferRecord,,
springframework,data,org.springframework.data.redis.connection.stream.PendingMessage,,
springframework,data,org.springframework.data.redis.connection.stream.StreamInfo.XInfoConsumer,,
springframework,data,org.springframework.data.redis.connection.stream.StreamInfo.XInfoGroup,,
springframework,data,org.springframework.data.redis.connection.stream.StreamRecords,,
io,lettuce,io.lettuce.core.api.async.RedisServerAsyncCommands,,
commons,beanutils,org.apache.commons.beanutils.BeanUtils,,
io,lettuce,io.lettuce.core.ValueScanCursor,,
io,lettuce,io.lettuce.core.api.async.RedisSetAsyncCommands,,
springframework,data,org.springframework.data.redis.connection.RedisStringCommands.BitOperation,,
util,function,java.util.function.BiConsumer,,
text,text,java.text.ParseException,,
util,util,java.util.Calendar,,
springframework,data,org.springframework.data.mapping.MappingException,,
springframework,data,org.springframework.data.util.DirectFieldAccessFallbackBeanWrapper,,
fasterxml,jackson,com.fasterxml.jackson.annotation.JsonInclude.Include,,
fasterxml,jackson,com.fasterxml.jackson.annotation.JsonTypeInfo.As,,
fasterxml,jackson,com.fasterxml.jackson.core.JsonGenerator,,
fasterxml,jackson,com.fasterxml.jackson.core.JsonParser,,
fasterxml,jackson,com.fasterxml.jackson.core.TreeNode,,
fasterxml,jackson,com.fasterxml.jackson.databind.DeserializationContext,,
fasterxml,jackson,com.fasterxml.jackson.databind.DeserializationFeature,,
fasterxml,jackson,com.fasterxml.jackson.databind.JavaType,,
fasterxml,jackson,com.fasterxml.jackson.databind.JsonDeserializer,,
fasterxml,jackson,com.fasterxml.jackson.databind.JsonNode,,
springframework,data,org.springframework.data.redis.connection.RedisZSetCommands.ZAddArgs.Flag,,
fasterxml,jackson,com.fasterxml.jackson.databind.JsonSerializer,,
fasterxml,jackson,com.fasterxml.jackson.databind.MapperFeature,,
fasterxml,jackson,com.fasterxml.jackson.databind.ObjectMapper,,
fasterxml,jackson,com.fasterxml.jackson.databind.ObjectMapper.DefaultTyping,,
fasterxml,jackson,com.fasterxml.jackson.databind.SerializationFeature,,
fasterxml,jackson,com.fasterxml.jackson.databind.SerializerProvider,,
fasterxml,jackson,com.fasterxml.jackson.databind.deser.std.UntypedObjectDeserializer,,
fasterxml,jackson,com.fasterxml.jackson.databind.jsontype.PolymorphicTypeValidator,,
fasterxml,jackson,com.fasterxml.jackson.databind.jsontype.TypeDeserializer,,
fasterxml,jackson,com.fasterxml.jackson.databind.jsontype.TypeResolverBuilder,,
jspecify,annotations,org.jspecify.annotations.NonNull,,
fasterxml,jackson,com.fasterxml.jackson.databind.jsontype.TypeSerializer,,
fasterxml,jackson,com.fasterxml.jackson.databind.module.SimpleModule,,
fasterxml,jackson,com.fasterxml.jackson.databind.ser.std.CalendarSerializer,,
fasterxml,jackson,com.fasterxml.jackson.databind.ser.std.DateSerializer,,
tools,jackson,tools.jackson.core.JacksonException,,
tools,jackson,tools.jackson.core.JsonGenerator,,
tools,jackson,tools.jackson.core.JsonParser,,
springframework,core,org.springframework.core.env.PropertySource,,
springframework,data,org.springframework.data.redis.connection.RedisConfiguration.ClusterConfiguration,,
tools,jackson,tools.jackson.core.TreeNode,,
springframework,util,org.springframework.util.NumberUtils,,
tools,jackson,tools.jackson.core.Version,,
tools,jackson,tools.jackson.databind.cfg.MapperBuilder,,
tools,jackson,tools.jackson.databind.deser.jdk.JavaUtilCalendarDeserializer,,
tools,jackson,tools.jackson.databind.deser.jdk.JavaUtilDateDeserializer,,
tools,jackson,tools.jackson.databind.deser.jdk.NumberDeserializers.BigDecimalDeserializer,,
tools,jackson,tools.jackson.databind.deser.jdk.NumberDeserializers.BigIntegerDeserializer,,
tools,jackson,tools.jackson.databind.deser.std.StdDeserializer,,
tools,jackson,tools.jackson.databind.exc.MismatchedInputException,,
tools,jackson,tools.jackson.databind.json.JsonMapper,,
util,util,java.util.BitSet,,
tools,jackson,tools.jackson.databind.jsontype.BasicPolymorphicTypeValidator,,
tools,jackson,tools.jackson.databind.jsontype.PolymorphicTypeValidator,,
tools,jackson,tools.jackson.databind.jsontype.TypeDeserializer,,
tools,jackson,tools.jackson.databind.jsontype.TypeResolverBuilder,,
tools,jackson,tools.jackson.databind.jsontype.TypeSerializer,,
tools,jackson,tools.jackson.databind.jsontype.impl.AsPropertyTypeDeserializer,,
tools,jackson,tools.jackson.databind.jsontype.impl.DefaultTypeResolverBuilder,,
tools,jackson,tools.jackson.databind.module.SimpleDeserializers,,
tools,jackson,tools.jackson.databind.module.SimpleSerializers,,
tools,jackson,tools.jackson.databind.ser.Serializers,,
tools,jackson,tools.jackson.databind.ser.jdk.JavaUtilCalendarSerializer,,
tools,jackson,tools.jackson.databind.ser.jdk.JavaUtilDateSerializer,,
math,math,java.math.BigDecimal,,
math,math,java.math.BigInteger,,
time,time,java.time.ZoneId,,
util,function,java.util.function.IntSupplier,,
springframework,data,org.springframework.data.redis.connection.lettuce.LettucePoolingClientConfiguration.LettucePoolingClientConfigurationBuilder,,
util,util,java.util.TimeZone,,
io,lettuce,io.lettuce.core.api.async.RedisStreamAsyncCommands,,
springframework,data,org.springframework.data.util.Lazy,,
springframework,data,org.springframework.data.redis.connection.ReactiveClusterCommands,,
jspecify,annotations,org.jspecify.annotations.NullMarked,,
springframework,data,org.springframework.data.convert.CustomConversions,,
springframework,data,org.springframework.data.redis.core.convert.IndexResolver,,
springframework,data,org.springframework.data.util.TypeInformation,,
springframework,context,org.springframework.context.ApplicationEventPublisherAware,,
springframework,data,org.springframework.data.redis.core.RedisKeyExpiredEvent,,
io,lettuce,io.lettuce.core.api.async.RedisStringAsyncCommands,,
io,lettuce,io.lettuce.core.pubsub.api.async.RedisPubSubAsyncCommands,,
io,lettuce,io.lettuce.core.pubsub.api.sync.RedisPubSubCommands,,
reactor,core,reactor.core.publisher.Sinks,,
io,lettuce,io.lettuce.core.ScoredValueScanCursor,,
util,concurrent,java.util.concurrent.atomic.AtomicBoolean,,
util,concurrent,java.util.concurrent.atomic.AtomicLongFieldUpdater,,
io,lettuce,io.lettuce.core.ZAggregateArgs,,
util,stream,java.util.stream.StreamSupport,,
io,lettuce,io.lettuce.core.api.async.RedisSortedSetAsyncCommands,,
springframework,data,org.springframework.data.redis.connection.ReactivePubSubCommands,,
springframework,data,org.springframework.data.redis.connection.RedisConfiguration.SentinelConfiguration,,
springframework,data,org.springframework.data.redis.connection.ReactiveSubscription,,
springframework,data,org.springframework.data.redis.connection.ReactiveSubscription.PatternMessage,,
springframework,data,org.springframework.data.redis.connection.SubscriptionListener,,
util,concurrent,java.util.concurrent.CompletionException,,
springframework,data,org.springframework.data.redis.connection.RedisConfiguration.DomainSocketConfiguration,,
util,concurrent,java.util.concurrent.CopyOnWriteArraySet,,
util,concurrent,java.util.concurrent.Executor,,
springframework,data,org.springframework.data.redis.connection.RedisConfiguration.WithDatabaseIndex,,
springframework,data,org.springframework.data.redis.connection.RedisConfiguration.WithHostAndPort,,
springframework,data,org.springframework.data.redis.connection.RedisConfiguration.WithPassword,,
util,concurrent,java.util.concurrent.ScheduledExecutorService,,
io,lettuce,io.lettuce.core.Range.Boundary,,
assertj,core,org.assertj.core.api.Assumptions,,
util,concurrent,java.util.concurrent.locks.Lock,,
springframework,data,org.springframework.data.redis.connection.RedisConfiguration.StaticMasterReplicaConfiguration,,
util,concurrent,java.util.concurrent.locks.ReentrantLock,,
springframework,beans,org.springframework.beans.factory.BeanNameAware,,
springframework,data,org.springframework.data.redis.connection.lettuce.LettuceReactiveRedisConnection.ByteBufferCodec,,
springframework,core,org.springframework.core.task.TaskExecutor,,
io,lettuce,io.lettuce.core.RedisCredentials,,
springframework,data,org.springframework.data.redis.RedisConnectionFailureException,,
springframework,data,org.springframework.data.redis.connection.ConnectionUtils,,
springframework,data,org.springframework.data.redis.connection.RedisConfiguration,,
springframework,data,org.springframework.data.redis.connection.Subscription,,
springframework,data,org.springframework.data.redis.listener.adapter.RedisListenerExecutionFailedException,,
springframework,util,org.springframework.util.ErrorHandler,,
springframework,util,org.springframework.util.backoff.BackOff,,
springframework,util,org.springframework.util.backoff.BackOffExecution,,
springframework,util,org.springframework.util.backoff.FixedBackOff,,
io,lettuce,io.lettuce.core.masterreplica.MasterReplica,,
io,lettuce,io.lettuce.core.masterreplica.StatefulRedisMasterReplicaConnection,,
util,concurrent,java.util.concurrent.CopyOnWriteArrayList,,
util,concurrent,java.util.concurrent.atomic.AtomicIntegerFieldUpdater,,
io,lettuce,io.lettuce.core.StreamMessage,,
springframework,core,org.springframework.core.KotlinDetector,,
io,lettuce,io.lettuce.core.models.stream.PendingMessages,,
fasterxml,jackson,com.fasterxml.jackson.annotation.JsonTypeInfo,,
springframework,data,org.springframework.data.redis.core.RedisCallback,,
springframework,data,org.springframework.data.redis.core.StringRedisTemplate,,
fasterxml,jackson,com.fasterxml.jackson.core.JsonToken,,
fasterxml,jackson,com.fasterxml.jackson.databind.DeserializationConfig,,
fasterxml,jackson,com.fasterxml.jackson.databind.deser.BeanDeserializerFactory,,
fasterxml,jackson,com.fasterxml.jackson.databind.deser.DefaultDeserializationContext,,
fasterxml,jackson,com.fasterxml.jackson.databind.deser.std.JsonNodeDeserializer,,
fasterxml,jackson,com.fasterxml.jackson.databind.jsontype.impl.StdTypeResolverBuilder,,
util,function,java.util.function.BiFunction,,
springframework,data,org.springframework.data.redis.connection.RedisGeoCommands.GeoLocation,,
springframework,data,org.springframework.data.redis.core.ZSetOperations.TypedTuple,,
springframework,data,org.springframework.data.redis.serializer.SerializationUtils,,
fasterxml,jackson,com.fasterxml.jackson.databind.node.TextNode,,
fasterxml,jackson,com.fasterxml.jackson.databind.ser.SerializerFactory,,
fasterxml,jackson,com.fasterxml.jackson.databind.ser.std.StdSerializer,,
fasterxml,jackson,com.fasterxml.jackson.databind.type.TypeFactory,,
tools,jackson,tools.jackson.core.JsonToken,,
tools,jackson,tools.jackson.databind.DefaultTyping,,
tools,jackson,tools.jackson.databind.DeserializationConfig,,
tools,jackson,tools.jackson.databind.DeserializationContext,,
springframework,data,org.springframework.data.redis.domain.geo.BoundingBox,,
tools,jackson,tools.jackson.databind.DeserializationFeature,,
tools,jackson,tools.jackson.databind.JacksonModule,,
tools,jackson,tools.jackson.databind.JavaType,,
tools,jackson,tools.jackson.databind.JsonNode,,
tools,jackson,tools.jackson.databind.ObjectMapper,,
tools,jackson,tools.jackson.databind.SerializationContext,,
springframework,data,org.springframework.data.redis.connection.ExpirationOptions,,
springframework,data,org.springframework.data.redis.core.types.Expirations,,
tools,jackson,tools.jackson.databind.deser.jackson.BaseNodeDeserializer,,
tools,jackson,tools.jackson.databind.deser.jackson.JsonNodeDeserializer,,
tools,jackson,tools.jackson.databind.jsontype.impl.StdTypeResolverBuilder,,
tools,jackson,tools.jackson.databind.ser.std.StdSerializer,,
tools,jackson,tools.jackson.databind.type.TypeFactory,,
springframework,data,org.springframework.data.redis.connection.stream.StreamRecords.MapBackedRecord,,
util,util,java.util.Date,,
springframework,data,org.springframework.data.redis.connection.DataType,,
springframework,data,org.springframework.data.redis.connection.stream.StreamRecords.ObjectBackedRecord,,
springframework,data,org.springframework.data.redis.connection.RedisListCommands.Direction,,
springframework,data,org.springframework.data.redis.connection.ReactiveListCommands.PopResult,,
springframework,data,org.springframework.data.redis.connection.ReactiveListCommands.PushCommand,,
springframework,beans,org.springframework.beans.TypeConverter,,
springframework,beans,org.springframework.beans.factory.BeanFactory,,
aopalliance,intercept,org.aopalliance.intercept.MethodInterceptor,,
aopalliance,intercept,org.aopalliance.intercept.MethodInvocation,,
springframework,beans,org.springframework.beans.factory.BeanFactoryAware,,
springframework,aop,org.springframework.aop.framework.ProxyFactory,,
springframework,data,org.springframework.data.projection.DefaultMethodInvokingMethodInterceptor,,
springframework,data,org.springframework.data.redis.connection.Limit,,
io,io,java.io.InputStream,,
springframework,core,org.springframework.core.serializer.DefaultDeserializer,,
springframework,core,org.springframework.core.serializer.DefaultSerializer,,
springframework,core,org.springframework.core.serializer.support.DeserializingConverter,,
lang,reflect,java.lang.reflect.InvocationHandler,,
lang,reflect,java.lang.reflect.InvocationTargetException,,
springframework,core,org.springframework.core.serializer.support.SerializingConverter,,
mockito,Mockito,org.mockito.Mockito.anyInt,,
io,io,java.io.ByteArrayInputStream,,
io,io,java.io.ByteArrayOutputStream,,
javax,xml,javax.xml.transform.stream.StreamResult,,
javax,xml,javax.xml.transform.stream.StreamSource,,
mockito,Mockito,org.mockito.Mockito.anyString,,
springframework,data,org.springframework.data.redis.connection.RedisClusterCommands,,
springframework,data,org.springframework.data.redis.connection.RedisClusterNode,,
springframework,oxm,org.springframework.oxm.Marshaller,,
springframework,oxm,org.springframework.oxm.Unmarshaller,,
beans,beans,java.beans.PropertyEditorSupport,,
springframework,data,org.springframework.data.util.CloseableIterator,,
io,lettuce,io.lettuce.core.cluster.api.reactive.RedisAdvancedClusterReactiveCommands,,
springframework,data,org.springframework.data.redis.connection.RedisInvalidSubscriptionException,,
springframework,data,org.springframework.data.redis.connection.RedisClusterCommands.AddSlots,,
springframework,data,org.springframework.data.redis.connection.RedisClusterConnection,,
springframework,core,org.springframework.core.CollectionFactory,,
springframework,data,org.springframework.data.redis.connection.RedisServerCommands.MigrateOption,,
util,util,java.util.Base64,,
mockito,mockito,org.mockito.Answers,,
springframework,data,org.springframework.data.redis.connection.RedisGeoCommands,,
springframework,data,org.springframework.data.redis.connection.RedisGeoCommands.GeoRadiusCommandArgs,,
util,function,java.util.function.DoubleUnaryOperator,,
springframework,data,org.springframework.data.redis.connection.ReactiveStreamCommands.AddStreamRecord,,
util,stream,java.util.stream.DoubleStream,,
springframework,data,org.springframework.data.redis.core.RedisTemplate,,
springframework,data,org.springframework.data.redis.core.StreamOperations,,
text,text,java.text.DateFormat,,
reactor,core,reactor.core.CoreSubscriber,,
springframework,data,org.springframework.data.redis.core.types.Expirations.Timeouts,,
reactor,core,reactor.core.publisher.FluxSink,,
reactor,core,reactor.core.publisher.Operators,,
reactor,util,reactor.util.concurrent.Queues,,
reactor,util,reactor.util.context.Context,,
util,util,java.util.Queue,,
springframework,core,org.springframework.core.convert.converter.ConverterFactory,,
springframework,data,org.springframework.data.convert.ReadingConverter,,
springframework,data,org.springframework.data.convert.WritingConverter,,
reactivestreams,reactivestreams,org.reactivestreams.Subscription,,
util,util,java.util.NavigableMap,,
springframework,data,org.springframework.data.redis.connection.ReactiveGeoCommands,,
util,util,java.util.TreeMap,,
util,regex,java.util.regex.Matcher,,
util,regex,java.util.regex.Pattern,,
springframework,data,org.springframework.data.redis.core.ReactiveRedisTemplate,,
springframework,data,org.springframework.data.redis.core.ReactiveStreamOperations,,
util,util,java.util.OptionalInt,,
junit,junit,org.junit.Ignore,,
springframework,data,org.springframework.data.redis.connection.ReactiveHashCommands,,
springframework,data,org.springframework.data.redis.connection.ReactiveHashCommands.HashExpireCommand,,
springframework,data,org.springframework.data.convert.DefaultTypeMapper,,
springframework,data,org.springframework.data.convert.SimpleTypeInformationMapper,,
springframework,data,org.springframework.data.convert.TypeAliasAccessor,,
springframework,data,org.springframework.data.convert.TypeInformationMapper,,
springframework,data,org.springframework.data.mapping.Alias,,
springframework,data,org.springframework.data.redis.stream.DefaultStreamMessageListenerContainer.LoggingErrorHandler,,
springframework,data,org.springframework.data.mapping.PersistentEntity,,
springframework,data,org.springframework.data.mapping.context.MappingContext,,
springframework,data,org.springframework.data.redis.core.convert.Bucket.BucketPropertyPath,,
springframework,data,org.springframework.data.redis.connection.ReactiveHyperLogLogCommands,,
util,concurrent,java.util.concurrent.CountDownLatch,,
springframework,data,org.springframework.data.redis.core.index.GeoIndexDefinition,,
springframework,data,org.springframework.data.mapping.PersistentProperty,,
springframework,data,org.springframework.data.redis.stream.StreamMessageListenerContainer.ConsumerStreamReadRequest,,
springframework,data,org.springframework.data.redis.connection.ReactiveListCommands,,
springframework,data,org.springframework.data.redis.connection.ReactiveListCommands.Direction,,
springframework,data,org.springframework.data.redis.connection.ReactiveListCommands.LPosCommand,,
springframework,data,org.springframework.data.redis.stream.StreamMessageListenerContainer.StreamReadRequest,,
time,time,java.time.LocalTime,,
time,time,java.time.Period,,
time,time,java.time.ZonedDateTime,,
springframework,data,org.springframework.data.redis.core.convert.BinaryConverters.StringBasedConverter,,
springframework,data,org.springframework.data.redis.connection.ReactiveSetCommands,,
springframework,data,org.springframework.data.redis.core.TimeToLive,,
lang,reflect,java.lang.reflect.Array,,
springframework,data,org.springframework.data.redis.connection.ReactiveStreamCommands,,
springframework,scheduling,org.springframework.scheduling.SchedulingAwareRunnable,,
springframework,data,org.springframework.data.redis.connection.ReactiveStringCommands.SetCommand,,
springframework,data,org.springframework.data.redis.connection.stream.Record,,
springframework,core,org.springframework.core.convert.ConverterNotFoundException,,
springframework,data,org.springframework.data.mapping.AssociationHandler,,
springframework,data,org.springframework.data.redis.hash.HashMapper,,
springframework,data,org.springframework.data.mapping.InstanceCreatorMetadata,,
springframework,data,org.springframework.data.mapping.PropertyHandler,,
springframework,data,org.springframework.data.mapping.model.EntityInstantiator,,
springframework,data,org.springframework.data.mapping.model.EntityInstantiators,,
springframework,data,org.springframework.data.redis.SettingsUtils,,
springframework,data,org.springframework.data.mapping.model.PersistentEntityParameterValueProvider,,
springframework,data,org.springframework.data.mapping.model.PropertyValueProvider,,
springframework,data,org.springframework.data.redis.core.PartialUpdate,,
springframework,data,org.springframework.data.redis.connection.jedis.extension.JedisConnectionFactoryExtension,,
springframework,data,org.springframework.data.redis.connection.lettuce.extension.LettuceConnectionFactoryExtension,,
springframework,data,org.springframework.data.redis.serializer.GenericJackson2JsonRedisSerializer,,
springframework,data,org.springframework.data.redis.connection.BitFieldSubCommands,,
springframework,data,org.springframework.data.redis.connection.ReactiveNumberCommands,,
springframework,data,org.springframework.data.redis.serializer.OxmSerializer,,
springframework,data,org.springframework.data.redis.serializer.SerializationException,,
springframework,data,org.springframework.data.redis.test.XstreamOxmSerializerSingleton,,
springframework,data,org.springframework.data.redis.test.condition.RedisDetector,,
springframework,data,org.springframework.data.redis.test.extension.RedisCluster,,
springframework,data,org.springframework.data.redis.test.extension.RedisStandalone,,
springframework,data,org.springframework.data.util.ProxyUtils,,
springframework,data,org.springframework.data.redis.connection.ReactiveZSetCommands,,
junit,jupiter,org.junit.jupiter.api.Disabled,,
junit,jupiter,org.junit.jupiter.params.ParameterizedClass,,
junit,jupiter,org.junit.jupiter.params.provider.MethodSource,,
springframework,data,org.springframework.data.redis.test.condition.EnabledOnRedisDriver,,
springframework,data,org.springframework.data.redis.test.condition.EnabledOnRedisDriver.DriverQualifier,,
springframework,data,org.springframework.data.redis.test.condition.RedisDriver,,
assertj,core,org.assertj.core.api.Assertions.assertThat,,
assertj,core,org.assertj.core.api.Assertions.assertThatException,,
mockito,ArgumentMatchers,org.mockito.ArgumentMatchers.any,,
mockito,ArgumentMatchers,org.mockito.ArgumentMatchers.eq,,
mockito,Mockito,org.mockito.Mockito.doReturn,,
mockito,Mockito,org.mockito.Mockito.doThrow,,
mockito,Mockito,org.mockito.Mockito.mock,,
mockito,Mockito,org.mockito.Mockito.never,,
mockito,Mockito,org.mockito.Mockito.spy,,
mockito,Mockito,org.mockito.Mockito.times,,
mockito,Mockito,org.mockito.Mockito.verify,,
mockito,Mockito,org.mockito.Mockito.verifyNoMoreInteractions,,
junit,jupiter,org.junit.jupiter.api.extension.ExtendWith,,
mockito,mockito,org.mockito.Mock,,
mockito,junit,org.mockito.junit.jupiter.MockitoExtension,,
edu,umd,edu.umd.cs.mtc.MultithreadedTestCase,,
springframework,data,org.springframework.data.redis.support.collections.CollectionUtils,,
springframework,data,org.springframework.data.redis.core.index.IndexDefinition.Condition,,
springframework,data,org.springframework.data.redis.core.index.IndexDefinition.IndexingContext,,
springframework,data,org.springframework.data.redis.connection.ReactiveZSetCommands.ZAddCommand,,
springframework,cache,org.springframework.cache.Cache.ValueRetrievalException,,
springframework,cache,org.springframework.cache.Cache.ValueWrapper,,
springframework,data,org.springframework.data.redis.connection.DefaultedRedisConnection,,
springframework,data,org.springframework.data.redis.ObjectFactory,,
springframework,data,org.springframework.data.convert.EntityConverter,,
springframework,data,org.springframework.data.redis.core.AbstractOperationsTestParams,,
springframework,beans,org.springframework.beans.DirectFieldAccessor,,
springframework,data,org.springframework.data.mapping.model.SimpleTypeHolder,,
springframework,data,org.springframework.data.redis.connection.RedisZSetCommands.ZAddArgs,,
springframework,instrument,org.springframework.instrument.classloading.ShadowingClassLoader,,
assertj,core,org.assertj.core.api.Assertions.assertThatExceptionOfType,,
assertj,core,org.assertj.core.api.Assertions.assertThatIllegalArgumentException,,
assertj,core,org.assertj.core.api.Assertions.assertThatIllegalStateException,,
mockito,Mockito,org.mockito.Mockito.any,,
mockito,Mockito,org.mockito.Mockito.when,,
util,function,java.util.function.Predicate,,
springframework,data,org.springframework.data.convert.TypeMapper,,
springframework,cache,org.springframework.cache.transaction.TransactionAwareCacheDecorator,,
springframework,data,org.springframework.data.redis.cache.RedisCacheManager.RedisCacheManagerBuilder,,
springframework,test,org.springframework.test.util.ReflectionTestUtils,,
springframework,data,org.springframework.data.redis.connection.RedisGeoCommands.GeoSearchCommandArgs,,
springframework,data,org.springframework.data.redis.connection.RedisGeoCommands.GeoSearchStoreCommandArgs,,
springframework,data,org.springframework.data.redis.core.RedisKeyValueAdapter,,
springframework,data,org.springframework.data.redis.core.convert.BinaryConverters.StringToBytesConverter,,
springframework,context,org.springframework.context.expression.BeanFactoryResolver,,
springframework,cache,org.springframework.cache.interceptor.SimpleKeyGenerator,,
springframework,data,org.springframework.data.redis.core.convert.GeoIndexedPropertyValue,,
springframework,data,org.springframework.data.redis.core.convert.IndexedData,,
springframework,data,org.springframework.data.redis.test.condition.EnabledOnCommand,,
springframework,data,org.springframework.data.redis.core.convert.RemoveIndexedData,,
springframework,data,org.springframework.data.redis.core.convert.SimpleIndexedPropertyValue,,
springframework,data,org.springframework.data.redis.core.index.SpelIndexDefinition,,
springframework,expression,org.springframework.expression.BeanResolver,,
springframework,expression,org.springframework.expression.Expression,,
springframework,expression,org.springframework.expression.spel.support.StandardEvaluationContext,,
mockito,ArgumentMatchers,org.mockito.ArgumentMatchers.anyString,,
mockito,ArgumentMatchers,org.mockito.ArgumentMatchers.isNull,,
mockito,Mockito,org.mockito.Mockito.doCallRealMethod,,
jakarta,annotation,jakarta.annotation.Resource,,
springframework,beans,org.springframework.beans.factory.annotation.Autowired,,
springframework,data,org.springframework.data.redis.connection.lettuce.LettuceClientConfiguration.LettuceClientConfigurationBuilder,,
springframework,test,org.springframework.test.context.junit.jupiter.SpringJUnitConfig,,
springframework,data,org.springframework.data.redis.core.ClusterOperations,,
springframework,data,org.springframework.data.redis.core.GeoOperations,,
springframework,data,org.springframework.data.redis.core.HyperLogLogOperations,,
util,concurrent,java.util.concurrent.BlockingDeque,,
util,concurrent,java.util.concurrent.LinkedBlockingDeque,,
springframework,data,org.springframework.data.redis.core.ListOperations.MoveFrom,,
springframework,data,org.springframework.data.redis.core.ListOperations.MoveTo,,
time,temporal,java.time.temporal.ChronoUnit,,
springframework,data,org.springframework.data.redis.core.convert.SpelIndexResolver,,
util,stream,java.util.stream.IntStream,,
assertj,core,org.assertj.core.data.Offset,,
junit,junit,org.junit.AssumptionViolatedException,,
springframework,expression,org.springframework.expression.spel.standard.SpelExpression,,
springframework,data,org.springframework.data.redis.connection.ReactiveSubscription.Message,,
springframework,data,org.springframework.data.redis.core.script.RedisScript,,
springframework,data,org.springframework.data.redis.serializer.RedisElementReader,,
springframework,data,org.springframework.data.redis.serializer.RedisElementWriter,,
springframework,data,org.springframework.data.keyvalue.core.mapping.BasicKeyValuePersistentEntity,,
lang,reflect,java.lang.reflect.Proxy,,
springframework,data,org.springframework.data.keyvalue.core.mapping.KeySpaceResolver,,
junit,jupiter,org.junit.jupiter.api.condition.DisabledOnOs,,
junit,jupiter,org.junit.jupiter.params.ParameterizedTest,,
junit,jupiter,org.junit.jupiter.params.provider.ValueSource,,
springframework,data,org.springframework.data.redis.core.TimeToLiveAccessor,,
springframework,data,org.springframework.data.geo.Metrics,,
springframework,data,org.springframework.data.redis.connection.ReactiveKeyCommands,,
springframework,data,org.springframework.data.redis.TestCondition,,
springframework,data,org.springframework.data.redis.core.script.DefaultReactiveScriptExecutor,,
springframework,data,org.springframework.data.redis.core.script.ReactiveScriptExecutor,,
springframework,core,org.springframework.core.annotation.AnnotationUtils,,
springframework,data,org.springframework.data.redis.connection.lettuce.TransactionalLettuceIntegrationTests.LettuceContextConfiguration,,
springframework,data,org.springframework.data.redis.hash.ObjectHashMapper,,
springframework,data,org.springframework.data.redis.listener.ReactiveRedisMessageListenerContainer,,
springframework,data,org.springframework.data.redis.connection.SortParameters.Order,,
springframework,data,org.springframework.data.redis.connection.ValueEncoding.RedisValueEncoding,,
springframework,data,org.springframework.data.mapping.model.Property,,
springframework,data,org.springframework.data.redis.core.convert.KeyspaceConfiguration.KeyspaceSettings,,
springframework,data,org.springframework.data.keyvalue.core.mapping.KeyValuePersistentEntity,,
springframework,data,org.springframework.data.redis.connection.stream.ObjectRecord,,
springframework,data,org.springframework.data.redis.test.condition.EnabledOnRedisVersion,,
springframework,data,org.springframework.data.redis.test.condition.LongRunningTest,,
springframework,data,org.springframework.data.redis.test.util.HexStringUtils,,
springframework,data,org.springframework.data.util.Streamable,,
lang,reflect,java.lang.reflect.ParameterizedType,,
lang,reflect,java.lang.reflect.Type,,
mockito,mockito,org.mockito.Mockito,,
sql,sql,java.sql.Connection,,
sql,sql,java.sql.SQLException,,
javax,sql,javax.sql.DataSource,,
springframework,data,org.springframework.data.redis.connection.DefaultSortParameters,,
edu,umd,edu.umd.cs.mtc.TestFramework,,
util,concurrent,java.util.concurrent.ConcurrentSkipListMap,,
util,concurrent,java.util.concurrent.ScheduledThreadPoolExecutor,,
util,concurrent,java.util.concurrent.atomic.AtomicInteger,,
mockito,Mockito,org.mockito.Mockito.eq,,
springframework,data,org.springframework.data.redis.core.ReactiveRedisCallback,,
springframework,data,org.springframework.data.redis.core.convert.ConversionTestEntities.AccountInfo,,
mockito,mockito,org.mockito.ArgumentCaptor,,
springframework,data,org.springframework.data.redis.core.convert.ConversionTestEntities.Address,,
springframework,data,org.springframework.data.redis.core.convert.ConversionTestEntities.AddressWithId,,
springframework,data,org.springframework.data.redis.core.convert.ConversionTestEntities.AddressWithPostcode,,
springframework,core,org.springframework.core.task.SyncTaskExecutor,,
springframework,core,org.springframework.core.task.support.TaskExecutorAdapter,,
springframework,data,org.springframework.data.redis.core.convert.ConversionTestEntities.Device,,
springframework,data,org.springframework.data.redis.core.convert.ConversionTestEntities.ExipringPersonWithExplicitProperty,,
springframework,data,org.springframework.data.redis.core.convert.ConversionTestEntities.ExpiringPerson,,
springframework,data,org.springframework.data.redis.PassThroughExceptionTranslationStrategy,,
springframework,data,org.springframework.data.redis.core.convert.ConversionTestEntities.Gender,,
springframework,data,org.springframework.data.redis.connection.ClusterCommandExecutor.ClusterCommandCallback,,
springframework,data,org.springframework.data.redis.connection.ClusterCommandExecutor.MultiKeyClusterCommandCallback,,
springframework,data,org.springframework.data.redis.connection.ClusterCommandExecutor.MultiNodeResult,,
springframework,data,org.springframework.data.redis.connection.ClusterCommandExecutor.NodeExecution,,
springframework,data,org.springframework.data.redis.connection.ClusterCommandExecutor.NodeResult,,
springframework,data,org.springframework.data.redis.connection.RedisClusterNode.LinkState,,
springframework,data,org.springframework.data.redis.core.convert.ConversionTestEntities.JustSomeDifferentPropertyTypes,,
springframework,data,org.springframework.data.redis.connection.RedisNode.NodeType,,
springframework,data,org.springframework.data.redis.core.convert.ConversionTestEntities.KEYSPACE_ACCOUNT,,
springframework,core,org.springframework.core.io.Resource,,
util,util,java.util.Random,,
springframework,scripting,org.springframework.scripting.ScriptSource,,
springframework,scripting,org.springframework.scripting.support.ResourceScriptSource,,
springframework,data,org.springframework.data.redis.test.condition.EnabledOnRedisClusterAvailable,,
springframework,data,org.springframework.data.redis.test.extension.JedisExtension,,
springframework,scripting,org.springframework.scripting.support.StaticScriptSource,,
redis,clients,redis.clients.jedis.ConnectionPool,,
redis,clients,redis.clients.jedis.Jedis,,
redis,clients,redis.clients.jedis.JedisCluster,,
springframework,data,org.springframework.data.redis.core.convert.ConversionTestEntities.KEYSPACE_PERSON,,
springframework,data,org.springframework.data.redis.core.convert.ConversionTestEntities.Location,,
springframework,data,org.springframework.data.redis.core.convert.ConversionTestEntities.Outer,,
springframework,data,org.springframework.data.redis.core.convert.ConversionTestEntities.Person,,
springframework,data,org.springframework.data.redis.core.convert.ConversionTestEntities.PersonWithConstructorAndAddress,,
springframework,data,org.springframework.data.redis.core.convert.ConversionTestEntities.RecursiveConstructorPerson,,
springframework,data,org.springframework.data.redis.core.convert.ConversionTestEntities.Size,,
springframework,data,org.springframework.data.redis.core.convert.ConversionTestEntities.Species,,
springframework,data,org.springframework.data.redis.core.convert.ConversionTestEntities.TaVeren,,
springframework,data,org.springframework.data.redis.connection.RedisGeoCommands.DistanceUnit,,
springframework,data,org.springframework.data.redis.core.convert.ConversionTestEntities.TheWheelOfTime,,
springframework,data,org.springframework.data.redis.core.convert.ConversionTestEntities.TypeWithMaps,,
springframework,data,org.springframework.data.redis.core.convert.ConversionTestEntities.TypeWithObjectValueTypes,,
springframework,data,org.springframework.data.redis.core.convert.ConversionTestEntities.WithArrays,,
security,security,java.security.MessageDigest,,
security,security,java.security.NoSuchAlgorithmException,,
mockito,junit,org.mockito.junit.jupiter.MockitoSettings,,
mockito,quality,org.mockito.quality.Strictness,,
springframework,dao,org.springframework.dao.NonTransientDataAccessException,,
springframework,data,org.springframework.data.redis.connection.RedisServerCommands.ShutdownOption,,
springframework,data,org.springframework.data.redis.test.util.RedisTestData,,
fasterxml,jackson,com.fasterxml.jackson.annotation.JsonAutoDetect.Visibility,,
springframework,data,org.springframework.data.geo.Shape,,
springframework,data,org.springframework.data.redis.connection.ReactiveStreamCommands.PendingRecordsCommand,,
springframework,mock,org.springframework.mock.env.MockPropertySource,,
lang,reflect,java.lang.reflect.Modifier,,
springframework,expression,org.springframework.expression.spel.SpelEvaluationException,,
springframework,data,org.springframework.data.redis.connection.RedisNode.RedisNodeBuilder,,
springframework,data,org.springframework.data.redis.core.convert.ConversionTestEntities,,
springframework,util,org.springframework.util.ReflectionUtils.MethodFilter,,
jakarta,enterprise,jakarta.enterprise.context.ApplicationScoped,,
jakarta,enterprise,jakarta.enterprise.context.spi.CreationalContext,,
assertj,core,org.assertj.core.api.ThrowableAssert,,
jakarta,enterprise,jakarta.enterprise.inject.Alternative,,
jakarta,enterprise,jakarta.enterprise.inject.Default,,
jakarta,enterprise,jakarta.enterprise.inject.Stereotype,,
jakarta,enterprise,jakarta.enterprise.inject.spi.Bean,,
jakarta,enterprise,jakarta.enterprise.inject.spi.BeanManager,,
jakarta,enterprise,jakarta.enterprise.inject.spi.InjectionPoint,,
jakarta,enterprise,jakarta.enterprise.inject.spi.PassivationCapable,,
lang,annotation,java.lang.annotation.Annotation,,
springframework,data,org.springframework.data.redis.core.mapping.RedisMappingContext.ConfigAwareKeySpaceResolver,,
util,util,java.util.LinkedList,,
springframework,data,org.springframework.data.redis.core.mapping.RedisMappingContext.ConfigAwareTimeToLiveAccessor,,
springframework,data,org.springframework.data.redis.serializer.Jackson2JsonRedisSerializer,,
springframework,core,org.springframework.core.io.ClassPathResource,,
springframework,data,org.springframework.data.redis.DoubleObjectFactory,,
springframework,data,org.springframework.data.redis.LongObjectFactory,,
springframework,data,org.springframework.data.redis.core.RedisKeyValueTemplate,,
springframework,data,org.springframework.data.redis.Person,,
springframework,data,org.springframework.data.redis.PersonObjectFactory,,
springframework,data,org.springframework.data.redis.RawObjectFactory,,
springframework,data,org.springframework.data.redis.StringObjectFactory,,
springframework,data,org.springframework.data.redis.serializer.GenericToStringSerializer,,
springframework,data,org.springframework.data.redis.serializer.Jackson3JsonRedisSerializer,,
springframework,aop,org.springframework.aop.scope.ScopedObject,,
springframework,data,org.springframework.data.redis.repository.support.RedisRepositoryFactory,,
springframework,aot,org.springframework.aot.test.agent.EnabledIfRuntimeHintsAgent,,
springframework,aot,org.springframework.aot.test.agent.RuntimeHintsInvocations,,
springframework,aot,org.springframework.aot.test.agent.RuntimeHintsRecorder,,
springframework,data,org.springframework.data.redis.aot.RedisRuntimeHints,,
springframework,data,org.springframework.data.repository.cdi.CdiRepositoryBean,,
springframework,data,org.springframework.data.repository.config.CustomRepositoryImplementationDetector,,
jakarta,enterprise,jakarta.enterprise.event.Observes,,
jakarta,enterprise,jakarta.enterprise.inject.UnsatisfiedResolutionException,,
reactor,util,reactor.util.function.Tuple2,,
reactor,util,reactor.util.function.Tuples,,
jakarta,enterprise,jakarta.enterprise.inject.spi.AfterBeanDiscovery,,
util,stream,java.util.stream.Stream,,
junit,jupiter,org.junit.jupiter.api.DynamicContainer,,
junit,jupiter,org.junit.jupiter.api.DynamicTest,,
junit,jupiter,org.junit.jupiter.api.TestFactory,,
jakarta,enterprise,jakarta.enterprise.inject.spi.ProcessBean,,
assertj,core,org.assertj.core.api.Assertions,,
springframework,data,org.springframework.data.repository.cdi.CdiRepositoryExtensionSupport,,
springframework,data,org.springframework.data.redis.core.RedisConnectionUtils.ConnectionSplittingInterceptor,,
springframework,beans,org.springframework.beans.factory.FactoryBean,,
springframework,beans,org.springframework.beans.factory.support.BeanNameGenerator,,
springframework,context,org.springframework.context.annotation.ComponentScan.Filter,,
springframework,context,org.springframework.context.annotation.Import,,
springframework,data,org.springframework.data.redis.serializer.RedisSerializationContext.RedisSerializationContextBuilder,,
springframework,data,org.springframework.data.repository.config.DefaultRepositoryBaseClass,,
springframework,data,org.springframework.data.repository.query.QueryLookupStrategy,,
springframework,data,org.springframework.data.repository.query.QueryLookupStrategy.Key,,
springframework,context,org.springframework.context.annotation.ImportBeanDefinitionRegistrar,,
springframework,data,org.springframework.data.repository.config.RepositoryBeanDefinitionRegistrarSupport,,
springframework,data,org.springframework.data.repository.config.RepositoryConfigurationExtension,,
springframework,beans,org.springframework.beans.factory.support.AbstractBeanDefinition,,
springframework,beans,org.springframework.beans.factory.support.BeanDefinitionReaderUtils,,
assertj,core,org.assertj.core.data.Offset.offset,,
springframework,beans,org.springframework.beans.factory.support.BeanDefinitionRegistry,,
springframework,beans,org.springframework.beans.factory.support.RootBeanDefinition,,
net,net,java.net.InetSocketAddress,,
net,net,java.net.Socket,,
springframework,data,org.springframework.data.keyvalue.repository.config.KeyValueRepositoryConfigurationExtension,,
springframework,data,org.springframework.data.repository.config.RepositoryConfigurationSource,,
springframework,data,org.springframework.data.repository.core.support.PersistentEntityInformation,,
springframework,data,org.springframework.data.repository.core.EntityInformation,,
springframework,data,org.springframework.data.domain.ExampleMatcher.MatchMode,,
springframework,data,org.springframework.data.domain.ExampleMatcher.PropertyValueTransformer,,
springframework,data,org.springframework.data.domain.ExampleMatcher.StringMatcher,,
assertj,core,org.assertj.core.api.InstanceOfAssertFactories,,
springframework,data,org.springframework.data.support.ExampleMatcherAccessor,,
junit,jupiter,org.junit.jupiter.params.provider.EnumSource,,
springframework,data,org.springframework.data.redis.core.ExpireChanges.ExpiryChangeState,,
springframework,data,org.springframework.data.redis.core.types.Expirations.TimeToLive,,
springframework,data,org.springframework.data.redis.test.condition.EnabledIfLongRunningTest,,
reactor,test,reactor.test.StepVerifier,,
springframework,data,org.springframework.data.convert.DtoInstantiatingConverter,,
springframework,data,org.springframework.data.repository.query.ParameterAccessor,,
springframework,data,org.springframework.data.repository.query.ParametersParameterAccessor,,
springframework,data,org.springframework.data.redis.core.ReactiveOperationsTestParams.Fixture,,
springframework,data,org.springframework.data.repository.query.QueryMethod,,
springframework,data,org.springframework.data.repository.query.ResultProcessor,,
springframework,data,org.springframework.data.repository.query.ReturnedType,,
springframework,data,org.springframework.data.repository.query.ValueExpressionDelegate,,
springframework,data,org.springframework.data.repository.query.parser.AbstractQueryCreator,,
springframework,data,org.springframework.data.util.ReflectionUtils,,
jakarta,enterprise,jakarta.enterprise.inject.se.SeContainer,,
jakarta,enterprise,jakarta.enterprise.inject.se.SeContainerInitializer,,
springframework,data,org.springframework.data.repository.query.parser.Part,,
springframework,data,org.springframework.data.repository.query.parser.PartTree,,
jakarta,inject,jakarta.inject.Qualifier,,
springframework,data,org.springframework.data.redis.test.extension.LettuceTestClientResources,,
springframework,data,org.springframework.data.repository.cdi.Eager,,
jakarta,enterprise,jakarta.enterprise.inject.Disposes,,
springframework,dao,org.springframework.dao.IncorrectResultSizeDataAccessException,,
jakarta,enterprise,jakarta.enterprise.inject.Produces,,
springframework,data,org.springframework.data.projection.SpelAwareProxyProjectionFactory,,
jakarta,inject,jakarta.inject.Inject,,
springframework,data,org.springframework.data.redis.repository.query.ExampleQueryMapper,,
springframework,data,org.springframework.data.redis.ByteBufferObjectFactory,,
springframework,data,org.springframework.data.repository.query.FluentQuery,,
springframework,data,org.springframework.data.repository.query.ListQueryByExampleExecutor,,
springframework,data,org.springframework.data.support.PageableExecutionUtils,,
springframework,data,org.springframework.data.keyvalue.repository.support.KeyValueRepositoryFactory,,
springframework,data,org.springframework.data.redis.repository.core.MappingRedisEntityInformation,,
springframework,data,org.springframework.data.repository.core.RepositoryMetadata,,
springframework,data,org.springframework.data.repository.core.support.RepositoryComposition.RepositoryFragments,,
springframework,data,org.springframework.data.repository.core.support.RepositoryFactorySupport,,
springframework,data,org.springframework.data.repository.core.support.RepositoryFragment,,
springframework,beans,org.springframework.beans.factory.support.DefaultListableBeanFactory,,
springframework,data,org.springframework.data.repository.query.RepositoryQuery,,
springframework,context,org.springframework.context.annotation.AnnotationBeanNameGenerator,,
springframework,core,org.springframework.core.env.StandardEnvironment,,
springframework,core,org.springframework.core.io.DefaultResourceLoader,,
springframework,core,org.springframework.core.type.AnnotationMetadata,,
springframework,data,org.springframework.data.repository.Repository,,
springframework,beans,org.springframework.beans.factory.support.SimpleBeanDefinitionRegistry,,
springframework,data,org.springframework.data.redis.core.SessionCallback,,
springframework,core,org.springframework.core.env.Environment,,
springframework,core,org.springframework.core.io.ResourceLoader,,
springframework,core,org.springframework.core.io.support.PathMatchingResourcePatternResolver,,
util,function,java.util.function.DoubleBinaryOperator,,
springframework,core,org.springframework.core.type.StandardAnnotationMetadata,,
springframework,data,org.springframework.data.repository.config.AnnotationRepositoryConfigurationSource,,
springframework,data,org.springframework.data.repository.config.RepositoryConfiguration,,
util,function,java.util.function.IntBinaryOperator,,
util,function,java.util.function.IntUnaryOperator,,
springframework,data,org.springframework.data.redis.connection.BitFieldSubCommands.Offset.offset,,
springframework,test,org.springframework.test.annotation.DirtiesContext,,
util,function,java.util.function.LongBinaryOperator,,
util,function,java.util.function.LongUnaryOperator,,
assertj,core,org.assertj.core.api.Assertions.assertThatThrownBy,,
util,util,java.util.AbstractCollection,,
springframework,data,org.springframework.data.domain.ExampleMatcher,,
util,util,java.util.ConcurrentModificationException,,
util,util,java.util.ListIterator,,
springframework,data,org.springframework.data.geo.Box,,
springframework,data,org.springframework.data.redis.core.BoundListOperations,,
springframework,data,org.springframework.data.repository.query.DefaultParameters,,
springframework,data,org.springframework.data.redis.core.BoundHashFieldExpirationOperations,,
springframework,data,org.springframework.data.redis.core.BoundHashOperations,,
springframework,data,org.springframework.data.repository.query.ParametersSource,,
springframework,data,org.springframework.data.redis.core.BoundSetOperations,,
springframework,data,org.springframework.data.keyvalue.repository.support.SimpleKeyValueRepository,,
springframework,data,org.springframework.data.redis.core.BoundZSetOperations,,
springframework,beans,org.springframework.beans.factory.SmartFactoryBean,,
util,util,java.util.Deque,,
springframework,data,org.springframework.data.redis.connection.BitFieldSubCommands.BitFieldType,,
util,concurrent,java.util.concurrent.ConcurrentMap,,
io,io,java.io.OutputStream,,
util,util,java.util.Enumeration,,
springframework,data,org.springframework.data.redis.DoubleAsStringObjectFactory,,
springframework,data,org.springframework.data.redis.LongAsStringObjectFactory,,
util,util,java.util.SortedSet,,
util,function,java.util.function.UnaryOperator,,
springframework,core,org.springframework.core.convert.support.GenericConversionService,,
junit,jupiter,org.junit.jupiter.params.provider.Arguments,,
springframework,data,org.springframework.data.redis.connection.convert.Converters.ClusterNodesConverter.AddressPortHostname,,
springframework,data,org.springframework.data.redis.test.condition.EnabledOnRedisAvailable,,
springframework,data,org.springframework.data.redis.test.condition.EnabledOnRedisSentinelAvailable,,
springframework,data,org.springframework.data.redis.util.ConnectionVerifier,,
javax,net,javax.net.ssl.SSLContext,,
javax,net,javax.net.ssl.SSLSession,,
util,concurrent,java.util.concurrent.ExecutorService,,
util,concurrent,java.util.concurrent.Executors,,
springframework,data,org.springframework.data.redis.PrefixStringObjectFactory,,
springframework,data,org.springframework.data.redis.core.script.DigestUtils,,
springframework,data,org.springframework.data.redis.connection.ReactiveRedisClusterConnection,,
text,text,java.text.DecimalFormat,,
springframework,data,org.springframework.data.redis.core.script.DefaultRedisScript,,
util,util,java.util.AbstractMap,,
redis,clients,redis.clients.jedis.RedisProtocol,,
springframework,data,org.springframework.data.annotation.TypeAlias,,
javax,net,javax.net.ssl.HttpsURLConnection,,
springframework,data,org.springframework.data.redis.core.ExpireChanges,,
springframework,data,org.springframework.data.redis.connection.RedisPassword,,
springframework,data,org.springframework.data.redis.connection.jedis.JedisConnectionFactory.State,,
mockito,Mockito,org.mockito.Mockito.verifyNoInteractions,,
springframework,data,org.springframework.data.redis.connection.AbstractConnectionIntegrationTests,,
springframework,data,org.springframework.data.redis.connection.DefaultStringTuple,,
junit,runners,org.junit.runners.Parameterized.Parameters,,
springframework,data,org.springframework.data.redis.core.DefaultTypedTuple,,
springframework,data,org.springframework.data.redis.connection.AbstractConnectionPipelineIntegrationTests,,
springframework,data,org.springframework.data.redis.connection.AbstractConnectionTransactionIntegrationTests,,
springframework,transaction,org.springframework.transaction.TransactionDefinition,,
springframework,transaction,org.springframework.transaction.TransactionException,,
springframework,transaction,org.springframework.transaction.support.AbstractPlatformTransactionManager,,
springframework,transaction,org.springframework.transaction.support.DefaultTransactionStatus,,
springframework,transaction,org.springframework.transaction.support.TransactionTemplate,,
junit,jupiter,org.junit.jupiter.api.Nested,,
springframework,data,org.springframework.data.annotation.Id,,
springframework,data,org.springframework.data.annotation.Reference,,
springframework,data,org.springframework.data.redis.connection.AbstractConnectionUnitTestBase,,
springframework,data,org.springframework.data.redis.core.RedisKeyValueAdapter.EnableKeyspaceEvents,,
springframework,data,org.springframework.data.redis.core.RedisKeyValueAdapter.ShadowCopy,,
springframework,data,org.springframework.data.redis.core.index.GeoIndexed,,
springframework,data,org.springframework.data.redis.support.collections.RedisCollectionFactoryBean.CollectionType,,
springframework,data,org.springframework.data.redis.core.index.Indexed,,
mockito,ArgumentMatchers,org.mockito.ArgumentMatchers.anyLong,,
springframework,data,org.springframework.data.redis.core.convert.Bucket,,
redis,clients,redis.clients.jedis.exceptions.JedisAskDataException,,
io,io,java.io.PrintWriter,,
redis,clients,redis.clients.jedis.exceptions.JedisMovedDataException,,
io,io,java.io.StringWriter,,
springframework,data,org.springframework.data.redis.test.extension.RedisSentinel,,
springframework,data,org.springframework.data.redis.ConnectionFactoryTracker,,
springframework,data,org.springframework.data.redis.connection.AbstractTransactionalTestBase,,
springframework,data,org.springframework.data.redis.connection.jedis.JedisTransactionalConnectionStarvationTest.PooledJedisContextConfiguration,,
springframework,data,org.springframework.data.redis.core.query.SortQueryBuilder,,
junit,jupiter,org.junit.jupiter.api.condition.EnabledIfSystemProperty,,
springframework,data,org.springframework.data.redis.test.util.CollectionAwareComparator,,
util,concurrent,java.util.concurrent.ThreadPoolExecutor,,
junit,jupiter,org.junit.jupiter.api.extension.ConditionEvaluationResult,,
junit,jupiter,org.junit.jupiter.api.extension.ExecutionCondition,,
junit,platform,org.junit.platform.commons.util.AnnotationUtils,,
springframework,data,org.springframework.data.redis.test.RedisTestExtensionSupport,,
io,lettuce,io.lettuce.core.protocol.ProtocolVersion,,
springframework,data,org.springframework.data.redis.connection.RedisStaticMasterReplicaConfiguration,,
lang,reflect,java.lang.reflect.Field,,
junit,platform,org.junit.platform.commons.function.Try,,
io,lettuce,io.lettuce.core.cluster.api.sync.RedisAdvancedClusterCommands,,
junit,platform,org.junit.platform.commons.util.ReflectionUtils,,
junit,jupiter,org.junit.jupiter.api.AfterAll,,
springframework,data,org.springframework.data.redis.connection.DefaultMessage,,
io,lettuce,io.lettuce.core.codec.ByteArrayCodec,,
io,lettuce,io.lettuce.core.output.ArrayOutput,,
io,lettuce,io.lettuce.core.output.IntegerOutput,,
springframework,data,org.springframework.data.redis.connection.lettuce.LettuceConnection,,
springframework,data,org.springframework.data.redis.test.extension.LettuceExtension,,
io,lettuce,io.lettuce.core.models.command.CommandDetail,,
io,lettuce,io.lettuce.core.models.command.CommandDetailParser,,
springframework,data,org.springframework.data.util.Version,,
io,lettuce,io.lettuce.core.cluster.api.async.RedisAdvancedClusterAsyncCommands,,
lang,reflect,java.lang.reflect.Parameter,,
springframework,data,org.springframework.data.redis.connection.ClusterNodeResourceProvider,,
junit,jupiter,org.junit.jupiter.api.extension.BeforeEachCallback,,
junit,jupiter,org.junit.jupiter.api.extension.Extension,,
junit,jupiter,org.junit.jupiter.api.extension.ParameterContext,,
junit,jupiter,org.junit.jupiter.api.extension.ParameterResolutionException,,
junit,jupiter,org.junit.jupiter.api.extension.ParameterResolver,,
springframework,core,org.springframework.core.ResolvableType,,
reactor,core,reactor.core.Disposable,,
junit,jupiter,org.junit.jupiter.api.extension.AfterAllCallback,,
junit,jupiter,org.junit.jupiter.api.extension.AfterEachCallback,,
util,concurrent,java.util.concurrent.BlockingQueue,,
io,lettuce,io.lettuce.core.event.Event,,
io,lettuce,io.lettuce.core.event.EventBus,,
io,lettuce,io.lettuce.core.resource.DefaultClientResources,,
springframework,core,org.springframework.core.Ordered,,
util,concurrent,java.util.concurrent.CancellationException,,
redis,clients,redis.clients.jedis.util.IOUtils,,
springframework,core,org.springframework.core.OrderComparator,,
mockito,internal,org.mockito.internal.invocation.InvocationMatcher,,
mockito,internal,org.mockito.internal.verification.api.VerificationData,,
mockito,invocation,org.mockito.invocation.Invocation,,
mockito,invocation,org.mockito.invocation.MatchableInvocation,,
mockito,verification,org.mockito.verification.VerificationMode,,
assertj,core,org.assertj.core.api.AssertProvider,,
assertj,core,org.assertj.core.api.MapAssert,,
assertj,core,org.assertj.core.internal.Failures,,
hamcrest,hamcrest,org.hamcrest.Matchers,,
springframework,data,org.springframework.data.redis.connection.jedis.JedisClientConfiguration,,
springframework,data,org.springframework.data.redis.test.extension.ShutdownQueue,,
springframework,data,org.springframework.data.redis.connection.lettuce.LettuceClientConfiguration,,
springframework,data,org.springframework.data.redis.connection.lettuce.LettucePoolingClientConfiguration,,
springframework,data,org.springframework.data.redis.core.script.AbstractDefaultScriptExecutorTests,,
springframework,data,org.springframework.data.redis.Address,,
springframework,data,org.springframework.data.redis.hash.BeanUtilsHashMapper,,
time,time,java.time.LocalDateTime,,
time,time,java.time.Month,,
springframework,data,org.springframework.data.redis.hash.Jackson2HashMapper,,
time,time,java.time.LocalDate,,
springframework,data,org.springframework.data.redis.hash.Jackson3HashMapper,,
tools,jackson,tools.jackson.core.json.JsonReadFeature,,
tools,jackson,tools.jackson.databind.MapperFeature,,
springframework,context,org.springframework.context.annotation.ComponentScan,,
springframework,context,org.springframework.context.annotation.FilterType,,
springframework,data,org.springframework.data.redis.repository.configuration.EnableRedisRepositories,,
springframework,test,org.springframework.test.context.ContextConfiguration,,
time,time,java.time.OffsetDateTime,,
time,time,java.time.OffsetTime,,
springframework,data,org.springframework.data.domain.Example,,
springframework,data,org.springframework.data.domain.Page,,
springframework,data,org.springframework.data.domain.PageRequest,,
springframework,data,org.springframework.data.domain.Pageable,,
springframework,data,org.springframework.data.domain.Slice,,
springframework,data,org.springframework.data.domain.Sort,,
springframework,data,org.springframework.data.redis.core.RedisHash,,
springframework,data,org.springframework.data.redis.core.index.IndexDefinition,,
springframework,data,org.springframework.data.redis.core.index.SimpleIndexDefinition,,
springframework,data,org.springframework.data.repository.CrudRepository,,
springframework,data,org.springframework.data.repository.PagingAndSortingRepository,,
springframework,data,org.springframework.data.repository.query.QueryByExampleExecutor,,
springframework,data,org.springframework.data.convert.ConfigurableTypeInformationMapper,,
springframework,data,org.springframework.data.redis.core.convert.DefaultRedisTypeMapper,,
springframework,data,org.springframework.data.redis.core.convert.RedisTypeMapper,,
msgpack,jackson,org.msgpack.jackson.dataformat.MessagePackFactory,,
springframework,beans,org.springframework.beans.BeanUtils,,
fasterxml,jackson,com.fasterxml.jackson.annotation.JsonView,,
fasterxml,jackson,com.fasterxml.jackson.core.JsonGenerationException,,
fasterxml,jackson,com.fasterxml.jackson.core.JsonProcessingException,,
fasterxml,jackson,com.fasterxml.jackson.databind.JsonMappingException,,
fasterxml,jackson,com.fasterxml.jackson.databind.annotation.JsonDeserialize,,
fasterxml,jackson,com.fasterxml.jackson.databind.annotation.JsonSerialize,,
fasterxml,jackson,com.fasterxml.jackson.datatype.jsr310.deser.LocalDateDeserializer,,
fasterxml,jackson,com.fasterxml.jackson.datatype.jsr310.ser.LocalDateSerializer,,
assertj,core,org.assertj.core.api.AssertionsForClassTypes.assertThatExceptionOfType,,
tools,jackson,tools.jackson.core.exc.JacksonIOException,,
tools,jackson,tools.jackson.core.exc.StreamReadException,,
tools,jackson,tools.jackson.databind.annotation.JsonDeserialize,,
tools,jackson,tools.jackson.databind.annotation.JsonSerialize,,
tools,jackson,tools.jackson.databind.ext.javatime.deser.LocalDateDeserializer,,
tools,jackson,tools.jackson.databind.ext.javatime.ser.LocalDateSerializer,,
io,lettuce,io.lettuce.core.codec.StringCodec,,
io,lettuce,io.lettuce.core.output.NestedMultiOutput,,
util,concurrent,java.util.concurrent.LinkedBlockingQueue,,
junit,jupiter,org.junit.jupiter.api.TestInstance,,
springframework,data,org.springframework.data.redis.stream.StreamMessageListenerContainer.StreamMessageListenerContainerOptions,,
springframework,data,org.springframework.data.redis.stream.StreamReceiver.StreamReceiverOptions,,
springframework,data,org.springframework.data.redis.core.BoundKeyOperations,,
springframework,data,org.springframework.data.redis.support.atomic.RedisAtomicInteger,,
springframework,data,org.springframework.data.redis.support.atomic.RedisAtomicLong,,
springframework,data,org.springframework.data.redis.support.collections.DefaultRedisMap,,
springframework,data,org.springframework.data.redis.support.collections.DefaultRedisSet,,
springframework,data,org.springframework.data.redis.support.collections.RedisList,,
junit,jupiter,org.junit.jupiter.api.extension.ExtensionContext,,
springframework,oxm,org.springframework.oxm.xstream.XStreamMarshaller,,
thoughtworks,xstream,com.thoughtworks.xstream.security.AnyTypePermission,,
io,io,java.io.StringReader,,
springframework,data,org.springframework.data.redis.connection.ClusterSlotHashUtil,,
springframework,data,org.springframework.data.redis.connection.RedisClusterNode.Flag,,
springframework,data,org.springframework.data.redis.connection.RedisClusterNode.RedisClusterNodeBuilder,,
springframework,data,org.springframework.data.redis.core.types.RedisClientInfo.RedisClientInfoBuilder,,
springframework,data,org.springframework.data.redis.connection.FutureResult,,
javax,net,javax.net.ssl.HostnameVerifier,,
javax,net,javax.net.ssl.SSLParameters,,
javax,net,javax.net.ssl.SSLSocketFactory,,
commons,pool2,org.apache.commons.pool2.impl.GenericObjectPoolConfig,,
redis,clients,redis.clients.jedis.DefaultJedisClientConfig,,
redis,clients,redis.clients.jedis.JedisPoolConfig,,
redis,clients,redis.clients.jedis.Protocol,,
net,net,java.net.SocketAddress,,
redis,clients,redis.clients.jedis.commands.ProtocolCommand,,
redis,clients,redis.clients.jedis.Connection,,
redis,clients,redis.clients.jedis.HostAndPort,,
redis,clients,redis.clients.jedis.JedisClusterInfoCache,,
redis,clients,redis.clients.jedis.providers.ClusterConnectionProvider,,
springframework,beans,org.springframework.beans.PropertyAccessor,,
springframework,data,org.springframework.data.redis.FallbackExceptionTranslationStrategy,,
redis,clients,redis.clients.jedis.GeoCoordinate,,
redis,clients,redis.clients.jedis.args.GeoUnit,,
redis,clients,redis.clients.jedis.params.GeoRadiusParam,,
redis,clients,redis.clients.jedis.params.GeoSearchParam,,
redis,clients,redis.clients.jedis.args.ExpiryOption,,
redis,clients,redis.clients.jedis.params.ScanParams,,
redis,clients,redis.clients.jedis.resps.ScanResult,,
springframework,data,org.springframework.data.redis.connection.RedisHashCommands,,
springframework,data,org.springframework.data.redis.core.ScanCursor,,
springframework,data,org.springframework.data.redis.core.ScanIteration,,
springframework,data,org.springframework.data.redis.connection.RedisHyperLogLogCommands,,
redis,clients,redis.clients.jedis.params.RestoreParams,,
util,concurrent,java.util.concurrent.ThreadLocalRandom,,
springframework,data,org.springframework.data.redis.connection.RedisNode,,
springframework,data,org.springframework.data.redis.connection.ValueEncoding,,
springframework,data,org.springframework.data.redis.connection.jedis.JedisClusterConnection.JedisClusterCommandCallback,,
springframework,data,org.springframework.data.redis.connection.jedis.JedisClusterConnection.JedisMultiKeyClusterCommandCallback,,
redis,clients,redis.clients.jedis.args.ListDirection,,
redis,clients,redis.clients.jedis.params.LPosParams,,
springframework,data,org.springframework.data.redis.connection.RedisListCommands,,
springframework,data,org.springframework.data.redis.connection.ClusterCommandExecutor,,
springframework,data,org.springframework.data.redis.connection.RedisScriptingCommands,,
springframework,data,org.springframework.data.redis.connection.ReturnType,,
springframework,data,org.springframework.data.redis.connection.RedisClusterServerCommands,,
springframework,data,org.springframework.data.redis.connection.RedisSetCommands,,
redis,clients,redis.clients.jedis.BuilderFactory,,
redis,clients,redis.clients.jedis.params.XAddParams,,
redis,clients,redis.clients.jedis.params.XClaimParams,,
redis,clients,redis.clients.jedis.params.XPendingParams,,
redis,clients,redis.clients.jedis.params.XReadGroupParams,,
redis,clients,redis.clients.jedis.params.XReadParams,,
springframework,data,org.springframework.data.redis.connection.RedisStreamCommands,,
springframework,data,org.springframework.data.redis.connection.stream.StreamInfo,,
redis,clients,redis.clients.jedis.params.SetParams,,
springframework,data,org.springframework.data.redis.connection.lettuce.LettuceConverters,,
redis,clients,redis.clients.jedis.params.ZParams,,
redis,clients,redis.clients.jedis.params.ZRangeParams,,
redis,clients,redis.clients.jedis.util.KeyValue,,
springframework,data,org.springframework.data.redis.connection.RedisZSetCommands,,
redis,clients,redis.clients.jedis.CommandArguments,,
redis,clients,redis.clients.jedis.CommandObject,,
redis,clients,redis.clients.jedis.JedisClientConfig,,
redis,clients,redis.clients.jedis.Pipeline,,
redis,clients,redis.clients.jedis.Response,,
redis,clients,redis.clients.jedis.Transaction,,
redis,clients,redis.clients.jedis.commands.ServerCommands,,
redis,clients,redis.clients.jedis.exceptions.JedisDataException,,
redis,clients,redis.clients.jedis.util.Pool,,
springframework,data,org.springframework.data.redis.connection.convert.TransactionResultConverter,,
springframework,data,org.springframework.data.redis.connection.jedis.JedisInvoker.ResponseCommands,,
springframework,data,org.springframework.data.redis.connection.jedis.JedisResult.JedisResultBuilder,,
springframework,data,org.springframework.data.redis.connection.jedis.JedisResult.JedisStatusResult,,
redis,clients,redis.clients.jedis.JedisPool,,
redis,clients,redis.clients.jedis.JedisSentinelPool,,
springframework,data,org.springframework.data.redis.connection.jedis.JedisClusterConnection.JedisClusterTopologyProvider,,
redis,clients,redis.clients.jedis.args.BitOP,,
redis,clients,redis.clients.jedis.args.FlushMode,,
redis,clients,redis.clients.jedis.args.ListPosition,,
redis,clients,redis.clients.jedis.params.GetExParams,,
redis,clients,redis.clients.jedis.params.SortingParams,,
redis,clients,redis.clients.jedis.params.ZAddParams,,
redis,clients,redis.clients.jedis.resps.GeoRadiusResponse,,
redis,clients,redis.clients.jedis.util.SafeEncoder,,
springframework,data,org.springframework.data.redis.connection.BitFieldSubCommands.BitFieldIncrBy,,
springframework,data,org.springframework.data.redis.connection.BitFieldSubCommands.BitFieldSet,,
springframework,data,org.springframework.data.redis.connection.RedisServer,,
springframework,data,org.springframework.data.redis.connection.SortParameters.Range,,
springframework,data,org.springframework.data.redis.connection.convert.StringToRedisClientInfoConverter,,
springframework,data,org.springframework.data.redis.domain.geo.BoxShape,,
springframework,data,org.springframework.data.redis.domain.geo.RadiusShape,,
redis,clients,redis.clients.jedis.exceptions.JedisClusterOperationException,,
redis,clients,redis.clients.jedis.exceptions.JedisConnectionException,,
redis,clients,redis.clients.jedis.exceptions.JedisException,,
redis,clients,redis.clients.jedis.exceptions.JedisRedirectionException,,
net,net,java.net.UnknownHostException,,
redis,clients,redis.clients.jedis.commands.PipelineBinaryCommands,,
springframework,data,org.springframework.data.redis.core.Cursor.CursorId,,
springframework,data,org.springframework.data.redis.core.KeyBoundCursor,,
redis,clients,redis.clients.jedis.commands.DatabasePipelineCommands,,
redis,clients,redis.clients.jedis.commands.JedisBinaryCommands,,
redis,clients,redis.clients.jedis.BinaryJedisPubSub,,
redis,clients,redis.clients.jedis.commands.ScriptingKeyPipelineBinaryCommands,,
io,lettuce,io.lettuce.core.RedisURI,,
springframework,data,org.springframework.data.redis.connection.NamedNode,,
springframework,data,org.springframework.data.redis.connection.RedisSentinelCommands,,
springframework,data,org.springframework.data.redis.connection.RedisSentinelConnection,,
redis,clients,redis.clients.jedis.args.SaveMode,,
redis,clients,redis.clients.jedis.commands.StreamPipelineBinaryCommands,,
redis,clients,redis.clients.jedis.resps.StreamConsumerInfo,,
redis,clients,redis.clients.jedis.resps.StreamGroupInfo,,
redis,clients,redis.clients.jedis.params.BitPosParams,,
springframework,data,org.springframework.data.redis.connection.util.AbstractSubscription,,
redis,clients,redis.clients.jedis.StreamEntryID,,
redis,clients,redis.clients.jedis.resps.StreamEntry,,
redis,clients,redis.clients.jedis.resps.StreamPendingEntry,,
io,lettuce,io.lettuce.core.ReadFrom,,
io,lettuce,io.lettuce.core.api.StatefulConnection,,
io,lettuce,io.lettuce.core.cluster.RedisClusterClient,,
io,lettuce,io.lettuce.core.cluster.api.StatefulRedisClusterConnection,,
io,lettuce,io.lettuce.core.cluster.pubsub.StatefulRedisClusterPubSubConnection,,
io,lettuce,io.lettuce.core.codec.RedisCodec,,
io,lettuce,io.lettuce.core.pubsub.StatefulRedisPubSubConnection,,
io,lettuce,io.lettuce.core.ClientOptions,,
io,lettuce,io.lettuce.core.SslVerifyMode,,
io,lettuce,io.lettuce.core.resource.ClientResources,,
io,lettuce,io.lettuce.core.pubsub.RedisPubSubListener,,
io,lettuce,io.lettuce.core.TimeoutOptions,,
io,lettuce,io.lettuce.core.api.sync.BaseRedisCommands,,
io,lettuce,io.lettuce.core.cluster.SlotHash,,
io,lettuce,io.lettuce.core.cluster.api.sync.RedisClusterCommands,,
io,lettuce,io.lettuce.core.KeyScanCursor,,
io,lettuce,io.lettuce.core.ScanArgs,,
springframework,data,org.springframework.data.redis.connection.lettuce.LettuceClusterConnection.LettuceClusterCommandCallback,,
io,lettuce,io.lettuce.core.KeyValue,,
springframework,data,org.springframework.data.redis.connection.lettuce.LettuceClusterConnection.LettuceMultiKeyClusterCommandCallback,,
io,lettuce,io.lettuce.core.api.sync.RedisServerCommands,,
io,lettuce,io.lettuce.core.api.sync.RedisSetCommands,,
springframework,data,org.springframework.data.redis.connection.ClusterTopology,,
springframework,data,org.springframework.data.redis.connection.ClusterTopologyProvider,,
io,lettuce,io.lettuce.core.AbstractRedisClient,,
io,lettuce,io.lettuce.core.LettuceFutures,,
io,lettuce,io.lettuce.core.RedisClient,,
io,lettuce,io.lettuce.core.RedisFuture,,
io,lettuce,io.lettuce.core.TransactionResult,,
io,lettuce,io.lettuce.core.api.StatefulRedisConnection,,
io,lettuce,io.lettuce.core.api.async.RedisAsyncCommands,,
io,lettuce,io.lettuce.core.api.sync.RedisCommands,,
io,lettuce,io.lettuce.core.cluster.api.async.RedisClusterAsyncCommands,,
io,lettuce,io.lettuce.core.protocol.Command,,
io,lettuce,io.lettuce.core.protocol.CommandArgs,,
io,lettuce,io.lettuce.core.protocol.CommandType,,
io,lettuce,io.lettuce.core.protocol.ProtocolKeyword,,
io,lettuce,io.lettuce.core.sentinel.api.StatefulRedisSentinelConnection,,
lang,reflect,java.lang.reflect.Constructor,,
springframework,dao,org.springframework.dao.QueryTimeoutException,,
springframework,data,org.springframework.data.redis.connection.lettuce.LettuceConnectionProvider.TargetAware,,
springframework,data,org.springframework.data.redis.connection.lettuce.LettuceResult.LettuceResultBuilder,,
springframework,data,org.springframework.data.redis.core.RedisCommand,,
io,lettuce,io.lettuce.core.RedisConnectionException,,
io,lettuce,io.lettuce.core.RedisCredentialsProvider,,
io,lettuce,io.lettuce.core.cluster.ClusterClientOptions,,
util,concurrent,java.util.concurrent.CompletionStage,,
springframework,data,org.springframework.data.util.Optionals,,
io,lettuce,io.lettuce.core.cluster.models.partitions.Partitions,,
io,lettuce,io.lettuce.core.cluster.models.partitions.RedisClusterNode.NodeFlag,,
springframework,data,org.springframework.data.redis.connection.BitFieldSubCommands.BitFieldGet,,
io,lettuce,io.lettuce.core.RedisCommandExecutionException,,
io,lettuce,io.lettuce.core.RedisCommandInterruptedException,,
io,lettuce,io.lettuce.core.RedisCommandTimeoutException,,
io,lettuce,io.lettuce.core.RedisException,,
io,netty,io.netty.channel.ChannelException,,
io,lettuce,io.lettuce.core.GeoArgs,,
io,lettuce,io.lettuce.core.GeoSearch,,
io,lettuce,io.lettuce.core.GeoWithin,,
io,lettuce,io.lettuce.core.api.async.RedisGeoAsyncCommands,,
io,lettuce,io.lettuce.core.ExpireArgs,,
io,lettuce,io.lettuce.core.MapScanCursor,,
io,lettuce,io.lettuce.core.api.async.RedisHashAsyncCommands,,
io,lettuce,io.lettuce.core.api.async.RedisHLLAsyncCommands,,
io,lettuce,io.lettuce.core.CopyArgs,,
io,lettuce,io.lettuce.core.RestoreArgs,,
io,lettuce,io.lettuce.core.ScanCursor,,
io,lettuce,io.lettuce.core.SortArgs,,
io,lettuce,io.lettuce.core.api.async.RedisKeyAsyncCommands,,
io,lettuce,io.lettuce.core.LPosArgs,,
io,lettuce,io.lettuce.core.api.async.RedisListAsyncCommands,,
io,lettuce,io.lettuce.core.support.AsyncConnectionPoolSupport,,
io,lettuce,io.lettuce.core.support.AsyncPool,,
io,lettuce,io.lettuce.core.support.BoundedPoolConfig,,
io,lettuce,io.lettuce.core.support.CommonsPool2ConfigConverter,,
io,lettuce,io.lettuce.core.support.ConnectionPoolSupport,,
commons,pool2,org.apache.commons.pool2.impl.GenericObjectPool,,
springframework,data,org.springframework.data.redis.connection.PoolException,,
springframework,data,org.springframework.data.redis.connection.ReactiveClusterGeoCommands,,
springframework,data,org.springframework.data.redis.connection.ReactiveClusterHashCommands,,
springframework,data,org.springframework.data.redis.connection.ReactiveClusterHyperLogLogCommands,,
io,lettuce,io.lettuce.core.api.reactive.RedisKeyReactiveCommands,,
springframework,data,org.springframework.data.redis.connection.ReactiveClusterKeyCommands,,
springframework,data,org.springframework.data.redis.connection.ReactiveClusterListCommands,,
springframework,data,org.springframework.data.redis.connection.ReactiveClusterNumberCommands,,
springframework,data,org.springframework.data.redis.connection.ReactiveClusterScriptingCommands,,
io,lettuce,io.lettuce.core.api.reactive.RedisServerReactiveCommands,,
util,function,java.util.function.BinaryOperator,,
util,stream,java.util.stream.Collector,,
springframework,data,org.springframework.data.redis.connection.ReactiveClusterServerCommands,,
springframework,data,org.springframework.data.redis.connection.ReactiveClusterSetCommands,,
springframework,data,org.springframework.data.redis.connection.ReactiveClusterStreamCommands,,
springframework,data,org.springframework.data.redis.connection.ReactiveClusterStringCommands,,
springframework,data,org.springframework.data.redis.connection.ReactiveClusterZSetCommands,,
io,lettuce,io.lettuce.core.GeoCoordinates,,
io,lettuce,io.lettuce.core.Value,,
io,lettuce,io.lettuce.core.ScanStream,,
io,lettuce,io.lettuce.core.LMoveArgs,,
springframework,data,org.springframework.data.redis.core.TimeoutUtils,,
