io,swagger,io.swagger.v3.oas.models.media.IntegerSchema,nan,nan
io,swagger,io.swagger.v3.oas.models.media.Schema,nan,nan
io,swagger,io.swagger.v3.oas.models.media.StringSchema,nan,nan
testng,annotations,org.testng.annotations.Test,nan,nan
math,math,java.math.BigDecimal,nan,nan
util,util,java.util.HashMap,nan,nan
util,util,java.util.Map,nan,nan
testng,Assert,org.testng.Assert.fail,nan,nan
fasterxml,jackson,com.fasterxml.jackson.annotation.JsonInclude,nan,nan
fasterxml,jackson,com.fasterxml.jackson.core.util.DefaultPrettyPrinter,nan,nan
fasterxml,jackson,com.fasterxml.jackson.databind.DeserializationFeature,nan,nan
fasterxml,jackson,com.fasterxml.jackson.databind.ObjectMapper,nan,nan
fasterxml,jackson,com.fasterxml.jackson.databind.SerializationFeature,nan,nan
io,swagger,io.swagger.v3.oas.models.Components,nan,nan
io,swagger,io.swagger.v3.oas.models.ExternalDocumentation,nan,nan
io,swagger,io.swagger.v3.oas.models.OpenAPI,nan,nan
io,swagger,io.swagger.v3.oas.models.Operation,nan,nan
io,swagger,io.swagger.v3.oas.models.PathItem,nan,nan
io,swagger,io.swagger.v3.oas.models.Paths,nan,nan
io,swagger,io.swagger.v3.oas.models.info.Contact,nan,nan
io,swagger,io.swagger.v3.oas.models.info.Info,nan,nan
io,swagger,io.swagger.v3.oas.models.links.Link,nan,nan
io,swagger,io.swagger.v3.oas.models.media.Content,nan,nan
io,swagger,io.swagger.v3.oas.models.media.MediaType,nan,nan
io,swagger,io.swagger.v3.oas.models.parameters.QueryParameter,nan,nan
io,swagger,io.swagger.v3.oas.models.responses.ApiResponse,nan,nan
io,swagger,io.swagger.v3.oas.models.responses.ApiResponses,nan,nan
io,swagger,io.swagger.v3.oas.models.tags.Tag,nan,nan
util,util,java.util.ArrayList,nan,nan
fasterxml,jackson,com.fasterxml.jackson.annotation.JsonView,nan,nan
fasterxml,jackson,com.fasterxml.jackson.databind.BeanDescription,nan,nan
fasterxml,jackson,com.fasterxml.jackson.databind.introspect.AnnotatedField,nan,nan
fasterxml,jackson,com.fasterxml.jackson.databind.introspect.AnnotatedMethod,nan,nan
fasterxml,jackson,com.fasterxml.jackson.databind.introspect.AnnotationMap,nan,nan
fasterxml,jackson,com.fasterxml.jackson.databind.introspect.BeanPropertyDefinition,nan,nan
io,swagger,io.swagger.v3.core.util.Json,nan,nan
io,swagger,io.swagger.v3.core.util.ParameterProcessor,nan,nan
io,swagger,io.swagger.v3.jaxrs2.ext.AbstractOpenAPIExtension,nan,nan
io,swagger,io.swagger.v3.jaxrs2.ext.OpenAPIExtension,nan,nan
io,swagger,io.swagger.v3.jaxrs2.ext.OpenAPIExtensions,nan,nan
io,swagger,io.swagger.v3.oas.annotations.Hidden,nan,nan
io,swagger,io.swagger.v3.oas.models.parameters.Parameter,nan,nan
commons,lang3,org.apache.commons.lang3.StringUtils,nan,nan
javax,ws,javax.ws.rs.BeanParam,nan,nan
javax,ws,javax.ws.rs.CookieParam,nan,nan
javax,ws,javax.ws.rs.HeaderParam,nan,nan
javax,ws,javax.ws.rs.PathParam,nan,nan
javax,ws,javax.ws.rs.QueryParam,nan,nan
javax,ws,javax.ws.rs.MatrixParam,nan,nan
lang,annotation,java.lang.annotation.Annotation,nan,nan
lang,reflect,java.lang.reflect.Type,nan,nan
util,util,java.util.Iterator,nan,nan
util,util,java.util.List,nan,nan
util,util,java.util.Set,nan,nan
io,swagger,io.swagger.v3.core.util.AnnotationsUtils,nan,nan
io,swagger,io.swagger.v3.oas.models.parameters.RequestBody,nan,nan
javax,ws,javax.ws.rs.Consumes,nan,nan
javax,ws,javax.ws.rs.Produces,nan,nan
util,util,java.util.Optional,nan,nan
fasterxml,jackson,com.fasterxml.jackson.databind.JavaType,nan,nan
io,swagger,io.swagger.v3.core.resolving.resources.MyThing,nan,nan
fasterxml,jackson,com.fasterxml.jackson.databind.introspect.AnnotatedParameter,nan,nan
fasterxml,jackson,com.fasterxml.jackson.databind.type.TypeFactory,nan,nan
io,swagger,io.swagger.v3.core.converter.AnnotatedType,nan,nan
io,swagger,io.swagger.v3.core.converter.ModelConverters,nan,nan
io,swagger,io.swagger.v3.core.converter.ResolvedSchema,nan,nan
io,swagger,io.swagger.v3.core.util.Json31,nan,nan
io,swagger,io.swagger.v3.core.util.KotlinDetector,nan,nan
io,swagger,io.swagger.v3.core.util.PathUtils,nan,nan
io,swagger,io.swagger.v3.core.util.ReflectionUtils,nan,nan
io,swagger,io.swagger.v3.jaxrs2.util.ReaderUtils,nan,nan
io,swagger,io.swagger.v3.oas.annotations.ExternalDocumentation,nan,nan
io,swagger,io.swagger.v3.oas.annotations.OpenAPIDefinition,nan,nan
io,swagger,io.swagger.v3.oas.annotations.servers.Server,nan,nan
io,swagger,io.swagger.v3.oas.integration.ContextUtils,nan,nan
io,swagger,io.swagger.v3.oas.integration.SwaggerConfiguration,nan,nan
io,swagger,io.swagger.v3.oas.integration.api.OpenAPIConfiguration,nan,nan
io,swagger,io.swagger.v3.oas.integration.api.OpenApiReader,nan,nan
io,swagger,io.swagger.v3.oas.models.callbacks.Callback,nan,nan
io,swagger,io.swagger.v3.oas.models.media.Encoding,nan,nan
io,swagger,io.swagger.v3.oas.models.media.ObjectSchema,nan,nan
fasterxml,jackson,com.fasterxml.jackson.databind.deser.ResolvableDeserializer,nan,nan
fasterxml,jackson,com.fasterxml.jackson.databind.deser.std.StdDeserializer,nan,nan
io,swagger,io.swagger.v3.oas.models.security.SecurityRequirement,nan,nan
io,swagger,io.swagger.v3.oas.models.security.SecurityScheme,nan,nan
slf4j,slf4j,org.slf4j.Logger,nan,nan
slf4j,slf4j,org.slf4j.LoggerFactory,nan,nan
javax,ws,javax.ws.rs.ApplicationPath,nan,nan
javax,ws,javax.ws.rs.core.Application,nan,nan
io,io,java.io.IOException,nan,nan
lang,reflect,java.lang.reflect.Method,nan,nan
lang,reflect,java.lang.reflect.ParameterizedType,nan,nan
util,util,java.util.Arrays,nan,nan
util,util,java.util.Collections,nan,nan
util,util,java.util.Comparator,nan,nan
io,swagger,io.swagger.v3.jaxrs2.resources.ticket3624.model.ByIdResponse,nan,nan
util,util,java.util.HashSet,nan,nan
io,swagger,io.swagger.v3.jaxrs2.resources.ticket3624.model.ContainerizedResponse,nan,nan
util,util,java.util.LinkedHashMap,nan,nan
util,util,java.util.LinkedHashSet,nan,nan
io,swagger,io.swagger.v3.jaxrs2.resources.ticket3624.model.Response,nan,nan
util,util,java.util.TreeSet,nan,nan
util,concurrent,java.util.concurrent.CompletionStage,nan,nan
util,stream,java.util.stream.Collectors,nan,nan
fasterxml,jackson,com.fasterxml.jackson.databind.ObjectReader,nan,nan
io,swagger,io.swagger.v3.oas.models.parameters.CookieParameter,nan,nan
io,swagger,io.swagger.v3.oas.models.parameters.HeaderParameter,nan,nan
io,swagger,io.swagger.v3.oas.models.parameters.PathParameter,nan,nan
io,swagger,io.swagger.v3.oas.annotations.security.OAuthScope,nan,nan
io,swagger,io.swagger.v3.oas.models.security.OAuthFlow,nan,nan
io,swagger,io.swagger.v3.oas.models.security.OAuthFlows,nan,nan
io,swagger,io.swagger.v3.oas.models.security.Scopes,nan,nan
io,swagger,io.swagger.v3.core.util.Yaml,nan,nan
io,swagger,io.swagger.v3.core.util.Yaml31,nan,nan
javax,ws,javax.ws.rs.core.MediaType,nan,nan
javax,ws,javax.ws.rs.core.MultivaluedMap,nan,nan
javax,ws,javax.ws.rs.ext.MessageBodyWriter,nan,nan
javax,ws,javax.ws.rs.ext.Provider,nan,nan
io,io,java.io.OutputStream,nan,nan
io,swagger,io.swagger.v3.oas.annotations.Operation,nan,nan
io,swagger,io.swagger.v3.oas.annotations.Parameter,nan,nan
javax,ws,javax.ws.rs.GET,nan,nan
javax,ws,javax.ws.rs.Path,nan,nan
io,swagger,io.swagger.v3.jaxrs2.resources.model.Pet,nan,nan
io,swagger,io.swagger.v3.jaxrs2.resources.model.ListOfStringsBeanParam,nan,nan
io,swagger,io.swagger.v3.oas.models.media.ArraySchema,nan,nan
testng,Assert,org.testng.Assert.assertEquals,nan,nan
testng,annotations,org.testng.annotations.AfterTest,nan,nan
testng,annotations,org.testng.annotations.BeforeTest,nan,nan
io,swagger,io.swagger.v3.jaxrs2.annotations.AbstractAnnotationTest,nan,nan
io,swagger,io.swagger.v3.jaxrs2.resources.BinaryParameterResource,nan,nan
io,swagger,io.swagger.v3.jaxrs2.integration.JaxrsOpenApiContextBuilder,nan,nan
io,swagger,io.swagger.v3.oas.integration.OpenApiConfigurationException,nan,nan
io,swagger,io.swagger.v3.oas.integration.OpenApiContextLocator,nan,nan
io,swagger,io.swagger.v3.oas.integration.api.OpenApiContext,nan,nan
io,swagger,io.swagger.v3.oas.models.info.License,nan,nan
javax,servlet,javax.servlet.ServletConfig,nan,nan
javax,servlet,javax.servlet.ServletException,nan,nan
javax,servlet,javax.servlet.http.HttpServlet,nan,nan
javax,servlet,javax.servlet.http.HttpServletRequest,nan,nan
javax,servlet,javax.servlet.http.HttpServletResponse,nan,nan
io,io,java.io.PrintWriter,nan,nan
util,stream,java.util.stream.Stream,nan,nan
io,swagger,io.swagger.v3.jaxrs2.integration.ServletConfigContextUtils.getContextIdFromServletConfig,nan,nan
io,swagger,io.swagger.v3.oas.annotations.media.Content,nan,nan
io,swagger,io.swagger.v3.oas.annotations.media.Schema,nan,nan
io,swagger,io.swagger.v3.oas.annotations.parameters.RequestBody,nan,nan
io,swagger,io.swagger.v3.oas.annotations.responses.ApiResponse,nan,nan
io,swagger,io.swagger.v3.jaxrs2.resources.SimpleResourceWithVendorAnnotation,nan,nan
testng,annotations,org.testng.annotations.AfterMethod,nan,nan
testng,annotations,org.testng.annotations.BeforeMethod,nan,nan
text,text,java.text.CharacterIterator,nan,nan
text,text,java.text.StringCharacterIterator,nan,nan
testng,Assert,org.testng.Assert.assertNotNull,nan,nan
testng,Assert,org.testng.Assert.assertNull,nan,nan
io,swagger,io.swagger.v3.jaxrs2.matchers.SerializationMatchers,nan,nan
io,swagger,io.swagger.v3.jaxrs2.resources.EnumParameterResource,nan,nan
util,regex,java.util.regex.Matcher,nan,nan
util,regex,java.util.regex.Pattern,nan,nan
io,swagger,io.swagger.v3.oas.models.media.BinarySchema,nan,nan
io,swagger,io.swagger.v3.oas.models.media.ByteArraySchema,nan,nan
io,swagger,io.swagger.v3.oas.models.media.FileSchema,nan,nan
fasterxml,jackson,com.fasterxml.jackson.module.jaxb.JaxbAnnotationModule,nan,nan
io,swagger,io.swagger.v3.core.util.ObjectMapperFactory,nan,nan
io,swagger,io.swagger.v3.jaxrs2.resources.JsonIdentityCyclicResource,nan,nan
io,swagger,io.swagger.v3.jaxrs2.resources.JsonIdentityResource,nan,nan
util,util,java.util.Base64,nan,nan
io,swagger,io.swagger.v3.oas.annotations.media.ArraySchema,nan,nan
fasterxml,jackson,com.fasterxml.jackson.annotation.JsonProperty,nan,nan
fasterxml,jackson,com.fasterxml.jackson.core.JsonProcessingException,nan,nan
text,text,java.text.SimpleDateFormat,nan,nan
javax,ws,javax.ws.rs.PUT,nan,nan
time,time,java.time.OffsetDateTime,nan,nan
javax,ws,javax.ws.rs.core.Response,nan,nan
time,time,java.time.ZoneOffset,nan,nan
testng,Assert,org.testng.Assert.assertFalse,nan,nan
testng,Assert,org.testng.Assert.assertTrue,nan,nan
commons,lang3,org.apache.commons.lang3.ArrayUtils,nan,nan
io,swagger,io.swagger.v3.jaxrs2.petstore.EmptyPetResource,nan,nan
io,swagger,io.swagger.v3.jaxrs2.petstore.WebHookResource,nan,nan
io,swagger,io.swagger.v3.jaxrs2.petstore.callback.ComplexCallback31Resource,nan,nan
io,swagger,io.swagger.v3.jaxrs2.petstore.callback.ComplexCallbackResource,nan,nan
io,swagger,io.swagger.v3.jaxrs2.petstore.callback.MultipleCallbacksTestWithOperationResource,nan,nan
io,swagger,io.swagger.v3.jaxrs2.petstore.callback.RepeatableCallbackResource,nan,nan
io,swagger,io.swagger.v3.jaxrs2.petstore.callback.SimpleCallbackWithOperationResource,nan,nan
io,swagger,io.swagger.v3.jaxrs2.petstore.example.ExamplesResource,nan,nan
io,swagger,io.swagger.v3.jaxrs2.petstore.link.LinksAndContent31Resource,nan,nan
io,swagger,io.swagger.v3.jaxrs2.petstore.link.LinksResource,nan,nan
io,swagger,io.swagger.v3.jaxrs2.petstore.openapidefintion.OpenAPI31DefinitionResource,nan,nan
io,swagger,io.swagger.v3.jaxrs2.petstore.openapidefintion.OpenAPIDefinitionResource,nan,nan
io,swagger,io.swagger.v3.jaxrs2.petstore.operation.AnnotatedSameNameOperationResource,nan,nan
io,swagger,io.swagger.v3.jaxrs2.petstore.operation.ExternalDocumentationResource,nan,nan
io,swagger,io.swagger.v3.jaxrs2.petstore.operation.FullyAnnotatedOperationResource,nan,nan
io,swagger,io.swagger.v3.jaxrs2.petstore.operation.HiddenOperationResource,nan,nan
io,swagger,io.swagger.v3.jaxrs2.petstore.operation.NotAnnotatedSameNameOperationResource,nan,nan
io,swagger,io.swagger.v3.jaxrs2.petstore.operation.OperationResource,nan,nan
io,swagger,io.swagger.v3.jaxrs2.petstore.operation.OperationWithoutAnnotationResource,nan,nan
io,swagger,io.swagger.v3.jaxrs2.petstore.operation.ServerOperationResource,nan,nan
io,swagger,io.swagger.v3.jaxrs2.petstore.operation.SubResource,nan,nan
io,swagger,io.swagger.v3.jaxrs2.petstore.parameter.ArraySchemaResource,nan,nan
io,swagger,io.swagger.v3.jaxrs2.petstore.parameter.ComplexParameterResource,nan,nan
io,swagger,io.swagger.v3.jaxrs2.petstore.parameter.ComplexParameterWithOperationResource,nan,nan
io,swagger,io.swagger.v3.jaxrs2.petstore.parameter.MultipleNotAnnotatedParameter,nan,nan
io,swagger,io.swagger.v3.jaxrs2.petstore.parameter.OpenAPIJaxRSAnnotatedParameter,nan,nan
io,swagger,io.swagger.v3.jaxrs2.petstore.parameter.OpenAPIWithContentJaxRSAnnotatedParameter,nan,nan
io,swagger,io.swagger.v3.jaxrs2.petstore.parameter.OpenAPIWithImplementationJaxRSAnnotatedParameter,nan,nan
io,swagger,io.swagger.v3.jaxrs2.petstore.parameter.Parameters31Resource,nan,nan
io,swagger,io.swagger.v3.jaxrs2.petstore.parameter.ParametersResource,nan,nan
io,swagger,io.swagger.v3.jaxrs2.petstore.parameter.RepeatableParametersResource,nan,nan
io,swagger,io.swagger.v3.jaxrs2.petstore.parameter.SingleJaxRSAnnotatedParameter,nan,nan
io,swagger,io.swagger.v3.jaxrs2.petstore.parameter.SingleNotAnnotatedParameter,nan,nan
io,swagger,io.swagger.v3.jaxrs2.petstore.requestbody.RequestBody31Resource,nan,nan
io,swagger,io.swagger.v3.jaxrs2.petstore.requestbody.RequestBodyMethodPriorityResource,nan,nan
io,swagger,io.swagger.v3.jaxrs2.petstore.requestbody.RequestBodyParameterPriorityResource,nan,nan
io,swagger,io.swagger.v3.jaxrs2.petstore.requestbody.RequestBodyResource,nan,nan
io,swagger,io.swagger.v3.jaxrs2.petstore.responses.ComplexResponseResource,nan,nan
io,swagger,io.swagger.v3.jaxrs2.petstore.responses.ImplementationResponseResource,nan,nan
io,swagger,io.swagger.v3.jaxrs2.petstore.responses.MethodResponseResource,nan,nan
io,swagger,io.swagger.v3.jaxrs2.petstore.responses.NoImplementationResponseResource,nan,nan
io,swagger,io.swagger.v3.jaxrs2.petstore.responses.NoResponseResource,nan,nan
io,swagger,io.swagger.v3.jaxrs2.petstore.responses.OperationResponseResource,nan,nan
io,swagger,io.swagger.v3.jaxrs2.petstore.responses.PriorityResponseResource,nan,nan
io,swagger,io.swagger.v3.jaxrs2.petstore.security.SecurityResource,nan,nan
io,swagger,io.swagger.v3.jaxrs2.petstore.tags.CompleteTagResource,nan,nan
io,swagger,io.swagger.v3.jaxrs2.petstore.tags.TagClassResource,nan,nan
io,swagger,io.swagger.v3.jaxrs2.petstore.tags.TagMethodResource,nan,nan
io,swagger,io.swagger.v3.jaxrs2.petstore.tags.TagOpenAPIDefinitionResource,nan,nan
io,swagger,io.swagger.v3.jaxrs2.petstore.tags.TagOperationResource,nan,nan
lang,reflect,java.lang.reflect.Constructor,nan,nan
io,io,java.io.File,nan,nan
net,net,java.net.URL,nan,nan
util,util,java.util.Enumeration,nan,nan
lang,reflect,java.lang.reflect.Modifier,nan,nan
io,swagger,io.swagger.v3.core.converter.ModelConverter,nan,nan
io,swagger,io.swagger.v3.core.converter.ModelConverterContextImpl,nan,nan
text,text,java.text.NumberFormat,nan,nan
io,swagger,io.swagger.v3.core.filter.AbstractSpecFilter,nan,nan
io,swagger,io.swagger.v3.core.filter.OpenAPISpecFilter,nan,nan
io,swagger,io.swagger.v3.core.filter.SpecFilter,nan,nan
io,swagger,io.swagger.v3.core.jackson.ModelResolver,nan,nan
io,swagger,io.swagger.v3.core.model.ApiDescription,nan,nan
io,swagger,io.swagger.v3.core.util.Configuration,nan,nan
io,swagger,io.swagger.v3.core.util.PrimitiveType,nan,nan
io,swagger,io.swagger.v3.jaxrs2.petstore31.PetResource,nan,nan
io,swagger,io.swagger.v3.jaxrs2.petstore31.TagResource,nan,nan
io,swagger,io.swagger.v3.jaxrs2.resources.ArraySchemaImplementationResource,nan,nan
io,swagger,io.swagger.v3.jaxrs2.resources.DefaultResponseResource,nan,nan
io,swagger,io.swagger.v3.jaxrs2.resources.Misc31Resource,nan,nan
io,swagger,io.swagger.v3.oas.annotations.extensions.Extension,nan,nan
io,swagger,io.swagger.v3.jaxrs2.resources.ParameterMaximumValueResource,nan,nan
io,swagger,io.swagger.v3.jaxrs2.resources.ResponseReturnTypeResource,nan,nan
io,swagger,io.swagger.v3.jaxrs2.resources.SchemaAdditionalPropertiesBooleanResource,nan,nan
io,swagger,io.swagger.v3.jaxrs2.resources.SchemaAdditionalPropertiesResource,nan,nan
io,swagger,io.swagger.v3.jaxrs2.resources.SchemaPropertiesResource,nan,nan
io,swagger,io.swagger.v3.jaxrs2.resources.SiblingPropResource,nan,nan
io,swagger,io.swagger.v3.jaxrs2.resources.SiblingsResource,nan,nan
io,swagger,io.swagger.v3.jaxrs2.resources.SiblingsResourceRequestBody,nan,nan
io,swagger,io.swagger.v3.jaxrs2.resources.SiblingsResourceRequestBodyMultiple,nan,nan
io,swagger,io.swagger.v3.jaxrs2.resources.SiblingsResourceResponse,nan,nan
io,swagger,io.swagger.v3.jaxrs2.resources.SiblingsResourceSimple,nan,nan
io,swagger,io.swagger.v3.jaxrs2.resources.SingleExampleResource,nan,nan
io,swagger,io.swagger.v3.jaxrs2.resources.BasicFieldsResource,nan,nan
io,swagger,io.swagger.v3.jaxrs2.resources.BookStoreTicket2646,nan,nan
io,swagger,io.swagger.v3.jaxrs2.resources.ClassPathParentResource,nan,nan
io,swagger,io.swagger.v3.jaxrs2.resources.ClassPathSubResource,nan,nan
io,swagger,io.swagger.v3.jaxrs2.resources.CompleteFieldsResource,nan,nan
io,swagger,io.swagger.v3.jaxrs2.resources.DeprecatedFieldsResource,nan,nan
io,swagger,io.swagger.v3.jaxrs2.resources.DuplicatedOperationIdResource,nan,nan
io,swagger,io.swagger.v3.jaxrs2.resources.DuplicatedOperationMethodNameResource,nan,nan
io,swagger,io.swagger.v3.jaxrs2.resources.DuplicatedSecurityResource,nan,nan
io,swagger,io.swagger.v3.jaxrs2.resources.EnhancedResponsesResource,nan,nan
io,swagger,io.swagger.v3.jaxrs2.resources.ExternalDocsReference,nan,nan
io,swagger,io.swagger.v3.jaxrs2.resources.MyClass,nan,nan
io,swagger,io.swagger.v3.jaxrs2.resources.MyOtherClass,nan,nan
io,swagger,io.swagger.v3.jaxrs2.resources.RefCallbackResource,nan,nan
io,swagger,io.swagger.v3.jaxrs2.resources.RefExamplesResource,nan,nan
io,swagger,io.swagger.v3.jaxrs2.resources.RefHeaderResource,nan,nan
io,swagger,io.swagger.v3.jaxrs2.resources.RefLinksResource,nan,nan
io,swagger,io.swagger.v3.jaxrs2.resources.RefParameter3029Resource,nan,nan
io,swagger,io.swagger.v3.jaxrs2.resources.RefParameter3074Resource,nan,nan
io,swagger,io.swagger.v3.jaxrs2.resources.RefParameterResource,nan,nan
io,swagger,io.swagger.v3.jaxrs2.resources.RefRequestBodyResource,nan,nan
io,swagger,io.swagger.v3.jaxrs2.resources.RefResponsesResource,nan,nan
io,swagger,io.swagger.v3.jaxrs2.resources.RefSecurityResource,nan,nan
io,swagger,io.swagger.v3.jaxrs2.resources.ResourceWithSubResource,nan,nan
io,swagger,io.swagger.v3.jaxrs2.resources.ResponseContentWithArrayResource,nan,nan
io,swagger,io.swagger.v3.jaxrs2.resources.ResponsesResource,nan,nan
io,swagger,io.swagger.v3.jaxrs2.resources.SecurityResource,nan,nan
io,swagger,io.swagger.v3.jaxrs2.resources.ServersResource,nan,nan
io,swagger,io.swagger.v3.jaxrs2.resources.SimpleCallbackResource,nan,nan
io,swagger,io.swagger.v3.jaxrs2.resources.SimpleExamplesResource,nan,nan
io,swagger,io.swagger.v3.jaxrs2.resources.SimpleMethods,nan,nan
io,swagger,io.swagger.v3.jaxrs2.resources.SimpleParameterResource,nan,nan
io,swagger,io.swagger.v3.jaxrs2.resources.SimpleRequestBodyResource,nan,nan
io,swagger,io.swagger.v3.jaxrs2.resources.SimpleResponsesResource,nan,nan
io,swagger,io.swagger.v3.jaxrs2.resources.SubResourceHead,nan,nan
io,swagger,io.swagger.v3.jaxrs2.resources.TagsResource,nan,nan
io,swagger,io.swagger.v3.jaxrs2.resources.Test2607,nan,nan
io,swagger,io.swagger.v3.jaxrs2.resources.TestResource,nan,nan
io,swagger,io.swagger.v3.jaxrs2.resources.Ticket2340Resource,nan,nan
io,swagger,io.swagger.v3.jaxrs2.resources.Ticket2644ConcreteImplementation,nan,nan
io,swagger,io.swagger.v3.jaxrs2.resources.Ticket2763Resource,nan,nan
io,swagger,io.swagger.v3.jaxrs2.resources.Ticket2793Resource,nan,nan
io,swagger,io.swagger.v3.jaxrs2.resources.Ticket2794Resource,nan,nan
io,swagger,io.swagger.v3.jaxrs2.resources.Ticket2806Resource,nan,nan
io,swagger,io.swagger.v3.jaxrs2.resources.Ticket2818Resource,nan,nan
io,swagger,io.swagger.v3.jaxrs2.resources.Ticket2848Resource,nan,nan
io,swagger,io.swagger.v3.jaxrs2.resources.Ticket3015Resource,nan,nan
io,swagger,io.swagger.v3.jaxrs2.resources.Ticket3587Resource,nan,nan
io,swagger,io.swagger.v3.jaxrs2.resources.Ticket3731BisResource,nan,nan
io,swagger,io.swagger.v3.jaxrs2.resources.Ticket3731Resource,nan,nan
io,swagger,io.swagger.v3.jaxrs2.resources.Ticket4065Resource,nan,nan
io,swagger,io.swagger.v3.jaxrs2.resources.Ticket4412Resource,nan,nan
io,swagger,io.swagger.v3.jaxrs2.resources.Ticket4446Resource,nan,nan
io,swagger,io.swagger.v3.jaxrs2.resources.Ticket4483Resource,nan,nan
io,swagger,io.swagger.v3.jaxrs2.resources.Ticket4804CustomClass,nan,nan
io,swagger,io.swagger.v3.jaxrs2.resources.Ticket4804NotBlankResource,nan,nan
io,swagger,io.swagger.v3.jaxrs2.resources.Ticket4804ProcessorResource,nan,nan
io,swagger,io.swagger.v3.jaxrs2.resources.Ticket4804Resource,nan,nan
io,swagger,io.swagger.v3.jaxrs2.resources.Ticket4850Resource,nan,nan
io,swagger,io.swagger.v3.jaxrs2.resources.Ticket4859Resource,nan,nan
io,swagger,io.swagger.v3.jaxrs2.resources.Ticket4878Resource,nan,nan
io,swagger,io.swagger.v3.jaxrs2.resources.Ticket4879Resource,nan,nan
io,swagger,io.swagger.v3.jaxrs2.resources.UploadResource,nan,nan
io,swagger,io.swagger.v3.jaxrs2.resources.UrlEncodedResourceWithEncodings,nan,nan
io,swagger,io.swagger.v3.jaxrs2.resources.UserAnnotationResource,nan,nan
io,swagger,io.swagger.v3.jaxrs2.resources.WebHookResource,nan,nan
io,swagger,io.swagger.v3.jaxrs2.resources.extensions.ExtensionsResource,nan,nan
io,swagger,io.swagger.v3.jaxrs2.resources.extensions.OperationExtensionsResource,nan,nan
io,swagger,io.swagger.v3.jaxrs2.resources.extensions.ParameterExtensionsResource,nan,nan
io,swagger,io.swagger.v3.jaxrs2.resources.extensions.RequestBodyExtensionsResource,nan,nan
io,swagger,io.swagger.v3.jaxrs2.resources.generics.ticket2144.ItemResource,nan,nan
io,swagger,io.swagger.v3.jaxrs2.resources.generics.ticket3149.MainResource,nan,nan
io,swagger,io.swagger.v3.jaxrs2.resources.generics.ticket3426.Ticket3426Resource,nan,nan
io,swagger,io.swagger.v3.jaxrs2.resources.generics.ticket3694.Ticket3694Resource,nan,nan
io,swagger,io.swagger.v3.jaxrs2.resources.generics.ticket3694.Ticket3694ResourceExtendedType,nan,nan
io,swagger,io.swagger.v3.jaxrs2.resources.generics.ticket3694.Ticket3694ResourceSimple,nan,nan
io,swagger,io.swagger.v3.jaxrs2.resources.generics.ticket3694.Ticket3694ResourceSimpleSameReturn,nan,nan
io,swagger,io.swagger.v3.jaxrs2.resources.rs.ProcessTokenRestService,nan,nan
io,swagger,io.swagger.v3.jaxrs2.resources.ticket3624.Service,nan,nan
io,swagger,io.swagger.v3.oas.annotations.enums.ParameterIn,nan,nan
commons,lang3,org.apache.commons.lang3.tuple.ImmutablePair,nan,nan
commons,lang3,org.apache.commons.lang3.tuple.Pair,nan,nan
fasterxml,jackson,com.fasterxml.jackson.core.JsonParseException,nan,nan
io,swagger,io.swagger.v3.oas.models.examples.Example,nan,nan
io,swagger,io.swagger.v3.oas.models.headers.Header,nan,nan
io,swagger,io.swagger.v3.oas.models.annotations.OpenAPI30,nan,nan
javax,ws,javax.ws.rs.DELETE,nan,nan
javax,ws,javax.ws.rs.HEAD,nan,nan
javax,ws,javax.ws.rs.OPTIONS,nan,nan
javax,ws,javax.ws.rs.POST,nan,nan
net,net,java.net.URI,nan,nan
io,swagger,io.swagger.v3.core.matchers.SerializationMatchers,nan,nan
util,concurrent,java.util.concurrent.CompletableFuture,nan,nan
util,concurrent,java.util.concurrent.CopyOnWriteArrayList,nan,nan
testng,Assert,org.testng.Assert.assertNotEquals,nan,nan
io,swagger,io.swagger.v3.jaxrs2.schemaResolution.SchemaResolutionResource,nan,nan
io,swagger,io.swagger.v3.core.oas.models.composition.AbstractBaseModelWithoutFields,nan,nan
io,swagger,io.swagger.v3.core.oas.models.composition.Animal,nan,nan
io,swagger,io.swagger.v3.core.oas.models.composition.AnimalClass,nan,nan
io,swagger,io.swagger.v3.core.oas.models.composition.AnimalWithSchemaSubtypes,nan,nan
io,swagger,io.swagger.v3.jaxrs2.schemaResolution.SchemaResolutionResourceSimple,nan,nan
io,swagger,io.swagger.v3.core.oas.models.composition.Human,nan,nan
io,swagger,io.swagger.v3.core.oas.models.composition.ModelWithFieldWithSubTypes,nan,nan
io,swagger,io.swagger.v3.core.util.ResourceUtils,nan,nan
io,swagger,io.swagger.v3.jaxrs2.schemaResolution.SchemaResolutionAnnotatedResource,nan,nan
io,swagger,io.swagger.v3.core.oas.models.JCovariantGetter,nan,nan
lang,annotation,java.lang.annotation.Inherited,nan,nan
lang,annotation,java.lang.annotation.Retention,nan,nan
lang,annotation,java.lang.annotation.RetentionPolicy,nan,nan
lang,annotation,java.lang.annotation.Target,nan,nan
lang,annotation,java.lang.annotation.ElementType.ANNOTATION_TYPE,nan,nan
lang,annotation,java.lang.annotation.ElementType.TYPE,nan,nan
lang,annotation,java.lang.annotation.ElementType.METHOD,nan,nan
io,swagger,io.swagger.v3.core.jackson.TypeNameResolver,nan,nan
lang,annotation,java.lang.annotation.ElementType.FIELD,nan,nan
io,swagger,io.swagger.v3.core.oas.models.Model1979,nan,nan
io,swagger,io.swagger.v3.core.oas.models.ModelWithEnumField,nan,nan
io,swagger,io.swagger.v3.core.oas.models.ModelWithEnumProperty,nan,nan
io,swagger,io.swagger.v3.core.oas.models.ModelWithEnumRefProperty,nan,nan
io,swagger,io.swagger.v3.core.oas.models.ModelWithJacksonEnumField,nan,nan
io,swagger,io.swagger.v3.oas.annotations.info.Info,nan,nan
io,swagger,io.swagger.v3.oas.annotations.security.SecurityRequirement,nan,nan
io,swagger,io.swagger.v3.oas.annotations.tags.Tag,nan,nan
lang,annotation,java.lang.annotation.ElementType.PACKAGE,nan,nan
io,swagger,io.swagger.v3.core.oas.models.GuavaModel,nan,nan
io,swagger,io.swagger.v3.oas.annotations.enums.Explode,nan,nan
common,collect,com.google.common.collect.ImmutableSet,nan,nan
io,swagger,io.swagger.v3.oas.annotations.enums.ParameterStyle,nan,nan
io,swagger,io.swagger.v3.core.oas.models.Cat,nan,nan
io,swagger,io.swagger.v3.oas.annotations.media.ExampleObject,nan,nan
io,swagger,io.swagger.v3.core.oas.models.ClientOptInput,nan,nan
io,swagger,io.swagger.v3.core.oas.models.Employee,nan,nan
lang,annotation,java.lang.annotation.Repeatable,nan,nan
io,swagger,io.swagger.v3.core.oas.models.EmptyModel,nan,nan
io,swagger,io.swagger.v3.core.oas.models.JacksonReadonlyModel,nan,nan
io,swagger,io.swagger.v3.core.oas.models.JodaDateTimeModel,nan,nan
io,swagger,io.swagger.v3.core.oas.models.Model1155,nan,nan
io,swagger,io.swagger.v3.core.oas.models.ModelPropertyName,nan,nan
io,swagger,io.swagger.v3.core.oas.models.ModelWithAltPropertyName,nan,nan
lang,annotation,java.lang.annotation.ElementType.PARAMETER,nan,nan
io,swagger,io.swagger.v3.core.oas.models.ModelWithApiModel,nan,nan
io,swagger,io.swagger.v3.core.oas.models.ModelWithEnumArray,nan,nan
io,swagger,io.swagger.v3.core.oas.models.ModelWithFormattedStrings,nan,nan
io,swagger,io.swagger.v3.core.oas.models.ModelWithNumbers,nan,nan
io,swagger,io.swagger.v3.core.oas.models.ModelWithOffset,nan,nan
io,swagger,io.swagger.v3.core.oas.models.ModelWithTuple2,nan,nan
io,swagger,io.swagger.v3.core.oas.models.Person,nan,nan
io,swagger,io.swagger.v3.core.oas.models.composition.AbstractModelWithApiModel,nan,nan
io,swagger,io.swagger.v3.core.oas.models.composition.ModelWithUrlProperty,nan,nan
io,swagger,io.swagger.v3.core.oas.models.composition.Pet,nan,nan
testng,annotations,org.testng.annotations.Ignore,nan,nan
util,util,java.util.Date,nan,nan
fasterxml,jackson,com.fasterxml.jackson.annotation.JsonSubTypes.Type,nan,nan
util,util,java.util.UUID,nan,nan
util,util,java.util.Objects,nan,nan
util,function,java.util.function.Function,nan,nan
io,swagger,io.swagger.v3.core.util.ReferenceTypeUtils,nan,nan
io,swagger,io.swagger.v3.core.oas.models.ModelWithBooleanProperty,nan,nan
io,swagger,io.swagger.v3.core.oas.models.ModelWithModelPropertyOverrides,nan,nan
io,swagger,io.swagger.v3.core.oas.models.ModelWithPrimitiveArray,nan,nan
io,swagger,io.swagger.v3.core.oas.models.ReadOnlyFields,nan,nan
io,swagger,io.swagger.v3.core.oas.models.RequiredFields,nan,nan
util,util,java.util.TreeMap,nan,nan
util,Map,java.util.Map.Entry,nan,nan
util,util,java.util.ServiceLoader,nan,nan
io,swagger,io.swagger.v3.core.util.TestUtils.normalizeLineEnds,nan,nan
io,swagger,io.swagger.v3.core.util.OpenAPI30To31,nan,nan
io,swagger,io.swagger.v3.core.util.OpenAPISchema2JsonSchema,nan,nan
io,swagger,io.swagger.v3.core.util.OutputReplacer,nan,nan
io,swagger,io.swagger.v3.core.util.RefUtils,nan,nan
fasterxml,jackson,com.fasterxml.jackson.core.Version,nan,nan
fasterxml,jackson,com.fasterxml.jackson.databind.AnnotationIntrospector,nan,nan
fasterxml,jackson,com.fasterxml.jackson.databind.PropertyName,nan,nan
fasterxml,jackson,com.fasterxml.jackson.databind.jsontype.NamedType,nan,nan
fasterxml,jackson,com.fasterxml.jackson.databind.module.SimpleModule,nan,nan
io,swagger,io.swagger.v3.core.converter.ModelConverterContext,nan,nan
util,concurrent,java.util.concurrent.ConcurrentHashMap,nan,nan
fasterxml,jackson,com.fasterxml.jackson.core.JsonGenerator,nan,nan
fasterxml,jackson,com.fasterxml.jackson.databind.JsonSerializer,nan,nan
fasterxml,jackson,com.fasterxml.jackson.databind.SerializerProvider,nan,nan
io,swagger,io.swagger.v3.core.util.TestUtils,nan,nan
fasterxml,jackson,com.fasterxml.jackson.databind.JsonMappingException,nan,nan
fasterxml,jackson,com.fasterxml.jackson.databind.ser.ResolvableSerializer,nan,nan
commons,io,org.apache.commons.io.FileUtils,nan,nan
fasterxml,jackson,com.fasterxml.jackson.databind.introspect.Annotated,nan,nan
io,swagger,io.swagger.v3.oas.models.media.MapSchema,nan,nan
io,swagger,io.swagger.v3.oas.models.media.XML,nan,nan
javax,xml,javax.xml.bind.annotation.XmlAttribute,nan,nan
javax,xml,javax.xml.bind.annotation.XmlElement,nan,nan
javax,xml,javax.xml.bind.annotation.XmlElementWrapper,nan,nan
io,swagger,io.swagger.v3.plugins.gradle.resources.model.User,nan,nan
fasterxml,jackson,com.fasterxml.jackson.annotation.JsonIdentityInfo,nan,nan
fasterxml,jackson,com.fasterxml.jackson.annotation.JsonIdentityReference,nan,nan
fasterxml,jackson,com.fasterxml.jackson.annotation.JsonIgnore,nan,nan
fasterxml,jackson,com.fasterxml.jackson.annotation.JsonIgnoreProperties,nan,nan
fasterxml,jackson,com.fasterxml.jackson.annotation.JsonTypeInfo,nan,nan
fasterxml,jackson,com.fasterxml.jackson.annotation.JsonTypeName,nan,nan
fasterxml,jackson,com.fasterxml.jackson.annotation.JsonUnwrapped,nan,nan
fasterxml,jackson,com.fasterxml.jackson.annotation.JsonValue,nan,nan
fasterxml,jackson,com.fasterxml.jackson.annotation.ObjectIdGenerator,nan,nan
fasterxml,jackson,com.fasterxml.jackson.annotation.ObjectIdGenerators,nan,nan
fasterxml,jackson,com.fasterxml.jackson.databind.PropertyMetadata,nan,nan
fasterxml,jackson,com.fasterxml.jackson.databind.annotation.JsonSerialize,nan,nan
fasterxml,jackson,com.fasterxml.jackson.databind.introspect.AnnotatedClass,nan,nan
fasterxml,jackson,com.fasterxml.jackson.databind.introspect.AnnotatedMember,nan,nan
fasterxml,jackson,com.fasterxml.jackson.databind.introspect.POJOPropertyBuilder,nan,nan
fasterxml,jackson,com.fasterxml.jackson.databind.util.Annotations,nan,nan
io,swagger,io.swagger.v3.core.util.Constants,nan,nan
io,swagger,io.swagger.v3.core.util.ValidatorProcessor,nan,nan
io,swagger,io.swagger.v3.oas.annotations.StringToClassMapItem,nan,nan
io,swagger,io.swagger.v3.oas.annotations.media.DependentRequired,nan,nan
io,swagger,io.swagger.v3.oas.annotations.media.DependentSchema,nan,nan
io,swagger,io.swagger.v3.oas.annotations.media.DependentSchemas,nan,nan
io,swagger,io.swagger.v3.oas.annotations.media.DiscriminatorMapping,nan,nan
io,swagger,io.swagger.v3.oas.annotations.media.PatternProperties,nan,nan
io,swagger,io.swagger.v3.oas.annotations.media.PatternProperty,nan,nan
io,swagger,io.swagger.v3.oas.annotations.media.SchemaProperties,nan,nan
io,swagger,io.swagger.v3.oas.annotations.media.SchemaProperty,nan,nan
io,swagger,io.swagger.v3.oas.models.SpecVersion,nan,nan
io,swagger,io.swagger.v3.oas.models.media.ComposedSchema,nan,nan
io,swagger,io.swagger.v3.oas.models.media.Discriminator,nan,nan
io,swagger,io.swagger.v3.oas.models.media.JsonSchema,nan,nan
io,swagger,io.swagger.v3.oas.models.media.UUIDSchema,nan,nan
javax,validation,javax.validation.constraints.Email,nan,nan
commons,lang3,org.apache.commons.lang3.math.NumberUtils,nan,nan
javax,validation,javax.validation.constraints.DecimalMax,nan,nan
javax,validation,javax.validation.constraints.DecimalMin,nan,nan
javax,validation,javax.validation.constraints.Max,nan,nan
javax,validation,javax.validation.constraints.Min,nan,nan
javax,validation,javax.validation.constraints.NotBlank,nan,nan
javax,validation,javax.validation.constraints.NotEmpty,nan,nan
javax,validation,javax.validation.constraints.NotNull,nan,nan
javax,validation,javax.validation.constraints.Pattern,nan,nan
javax,validation,javax.validation.constraints.Size,nan,nan
javax,xml,javax.xml.bind.annotation.XmlAccessType,nan,nan
javax,xml,javax.xml.bind.annotation.XmlAccessorType,nan,nan
common,collect,com.google.common.collect.Sets,nan,nan
io,swagger,io.swagger.v3.core.filter.resources.ChangeGetOperationsFilter,nan,nan
javax,xml,javax.xml.bind.annotation.XmlElementRef,nan,nan
javax,xml,javax.xml.bind.annotation.XmlElementRefs,nan,nan
javax,xml,javax.xml.bind.annotation.XmlRootElement,nan,nan
javax,xml,javax.xml.bind.annotation.XmlSchema,nan,nan
io,swagger,io.swagger.v3.core.filter.resources.InternalModelPropertiesRemoverFilter,nan,nan
io,swagger,io.swagger.v3.core.filter.resources.NoGetOperationsFilter,nan,nan
lang,reflect,java.lang.reflect.AnnotatedParameterizedType,nan,nan
lang,reflect,java.lang.reflect.Field,nan,nan
lang,reflect,java.lang.reflect.InvocationTargetException,nan,nan
io,swagger,io.swagger.v3.core.filter.resources.NoOpOperationsFilter,nan,nan
io,swagger,io.swagger.v3.core.filter.resources.NoOpenAPIFilter,nan,nan
io,swagger,io.swagger.v3.core.filter.resources.NoParametersWithoutQueryInFilter,nan,nan
io,swagger,io.swagger.v3.core.filter.resources.NoPathItemFilter,nan,nan
io,swagger,io.swagger.v3.core.filter.resources.NoPetOperationsFilter,nan,nan
util,util,java.util.Collection,nan,nan
io,swagger,io.swagger.v3.core.filter.resources.NoPetRefSchemaFilter,nan,nan
io,swagger,io.swagger.v3.core.filter.resources.RemoveInternalParamsFilter,nan,nan
io,swagger,io.swagger.v3.core.filter.resources.RemoveUnreferencedDefinitionsFilter,nan,nan
io,swagger,io.swagger.v3.core.filter.resources.ReplaceGetOperationsFilter,nan,nan
io,swagger,io.swagger.v3.core.jackson.JAXBAnnotationsHelper.JAXB_DEFAULT,nan,nan
io,swagger,io.swagger.v3.core.util.RefUtils.constructRef,nan,nan
fasterxml,jackson,com.fasterxml.jackson.core.Versioned,nan,nan
fasterxml,jackson,com.fasterxml.jackson.core.util.VersionUtil,nan,nan
fasterxml,jackson,com.fasterxml.jackson.databind.node.NumericNode,nan,nan
common,collect,com.google.common.collect.ImmutableMap,nan,nan
commons,lang3,org.apache.commons.lang3.text.WordUtils,nan,nan
util,util,java.util.EnumSet,nan,nan
testng,annotations,org.testng.annotations.DataProvider,nan,nan
fasterxml,jackson,com.fasterxml.jackson.databind.JsonNode,nan,nan
io,swagger,io.swagger.v3.oas.annotations.headers.Header,nan,nan
io,swagger,io.swagger.v3.oas.annotations.extensions.ExtensionProperty,nan,nan
io,swagger,io.swagger.v3.oas.annotations.links.LinkParameter,nan,nan
io,swagger,io.swagger.v3.oas.models.headers.Header.StyleEnum,nan,nan
io,swagger,io.swagger.v3.core.oas.models.BeanValidationsModel,nan,nan
io,swagger,io.swagger.v3.oas.models.servers.Server,nan,nan
io,swagger,io.swagger.v3.oas.models.servers.ServerVariable,nan,nan
io,swagger,io.swagger.v3.oas.models.servers.ServerVariables,nan,nan
io,swagger,io.swagger.v3.core.resolving.resources.TestObject2616,nan,nan
io,swagger,io.swagger.v3.core.resolving.resources.TestObjectTicket2620,nan,nan
io,swagger,io.swagger.v3.core.resolving.resources.TestObjectTicket2620Subtypes,nan,nan
io,swagger,io.swagger.v3.core.resolving.resources.TestObjectTicket2900,nan,nan
fasterxml,jackson,com.fasterxml.jackson.core.JsonParser,nan,nan
fasterxml,jackson,com.fasterxml.jackson.databind.DeserializationContext,nan,nan
fasterxml,jackson,com.fasterxml.jackson.databind.JsonDeserializer,nan,nan
io,swagger,io.swagger.v3.core.resolving.resources.TestObjectTicket4247,nan,nan
fasterxml,jackson,com.fasterxml.jackson.databind.node.ObjectNode,nan,nan
io,swagger,io.swagger.v3.core.resolving.resources.InnerType,nan,nan
common,base,com.google.common.base.Functions,nan,nan
common,collect,com.google.common.collect.Collections2,nan,nan
io,swagger,io.swagger.v3.oas.models.media.EncodingProperty,nan,nan
fasterxml,jackson,com.fasterxml.jackson.databind.DeserializationConfig,nan,nan
fasterxml,jackson,com.fasterxml.jackson.databind.deser.BeanDeserializerModifier,nan,nan
fasterxml,jackson,com.fasterxml.jackson.annotation.JsonCreator,nan,nan
fasterxml,jackson,com.fasterxml.jackson.annotation.JsonSubTypes,nan,nan
fasterxml,jackson,com.fasterxml.jackson.databind.ObjectWriter,nan,nan
io,swagger,io.swagger.v3.core.resolving.resources.JacksonUnwrappedRequiredProperty,nan,nan
io,swagger,io.swagger.v3.core.oas.models.ModelWithJaxBDefaultValues,nan,nan
fasterxml,jackson,com.fasterxml.jackson.databind.node.ArrayNode,nan,nan
fasterxml,jackson,com.fasterxml.jackson.databind.node.TextNode,nan,nan
io,swagger,io.swagger.v3.oas.models.media.ArbitrarySchema,nan,nan
io,swagger,io.swagger.v3.oas.models.media.BooleanSchema,nan,nan
io,swagger,io.swagger.v3.oas.models.media.DateSchema,nan,nan
io,swagger,io.swagger.v3.oas.models.media.DateTimeSchema,nan,nan
io,swagger,io.swagger.v3.oas.models.media.EmailSchema,nan,nan
joda,time,org.joda.time.DateTime,nan,nan
io,swagger,io.swagger.v3.oas.models.media.NumberSchema,nan,nan
io,swagger,io.swagger.v3.oas.models.media.PasswordSchema,nan,nan
joda,time,org.joda.time.LocalDate,nan,nan
time,time,java.time.Instant,nan,nan
fasterxml,jackson,com.fasterxml.jackson.core.JsonFactory,nan,nan
fasterxml,jackson,com.fasterxml.jackson.databind.Module,nan,nan
fasterxml,jackson,com.fasterxml.jackson.databind.SerializationConfig,nan,nan
fasterxml,jackson,com.fasterxml.jackson.databind.ser.BeanSerializerModifier,nan,nan
fasterxml,jackson,com.fasterxml.jackson.dataformat.yaml.YAMLFactory,nan,nan
fasterxml,jackson,com.fasterxml.jackson.dataformat.yaml.YAMLGenerator,nan,nan
fasterxml,jackson,com.fasterxml.jackson.datatype.jsr310.JavaTimeModule,nan,nan
io,swagger,io.swagger.v3.core.jackson.ExampleSerializer,nan,nan
io,swagger,io.swagger.v3.core.jackson.Schema31Serializer,nan,nan
io,swagger,io.swagger.v3.core.jackson.MediaTypeSerializer,nan,nan
io,swagger,io.swagger.v3.core.jackson.SchemaSerializer,nan,nan
io,swagger,io.swagger.v3.core.jackson.mixin.Components31Mixin,nan,nan
io,swagger,io.swagger.v3.core.jackson.mixin.ComponentsMixin,nan,nan
io,swagger,io.swagger.v3.core.jackson.mixin.DateSchemaMixin,nan,nan
io,swagger,io.swagger.v3.core.jackson.mixin.Discriminator31Mixin,nan,nan
io,swagger,io.swagger.v3.core.jackson.mixin.DiscriminatorMixin,nan,nan
io,swagger,io.swagger.v3.core.jackson.mixin.ExampleMixin,nan,nan
io,swagger,io.swagger.v3.core.jackson.mixin.ExtensionsMixin,nan,nan
io,swagger,io.swagger.v3.core.jackson.mixin.InfoMixin,nan,nan
io,swagger,io.swagger.v3.core.jackson.mixin.LicenseMixin,nan,nan
io,swagger,io.swagger.v3.core.jackson.mixin.MediaTypeMixin,nan,nan
io,swagger,io.swagger.v3.core.jackson.mixin.OpenAPI31Mixin,nan,nan
io,swagger,io.swagger.v3.core.jackson.mixin.OpenAPIMixin,nan,nan
io,swagger,io.swagger.v3.core.jackson.mixin.OperationMixin,nan,nan
io,swagger,io.swagger.v3.core.jackson.mixin.Schema31Mixin,nan,nan
io,swagger,io.swagger.v3.core.jackson.mixin.SchemaConverterMixin,nan,nan
io,swagger,io.swagger.v3.core.jackson.mixin.SchemaMixin,nan,nan
testng,FileAssert,org.testng.FileAssert.fail,nan,nan
io,swagger,io.swagger.v3.core.resolving.resources.User2169,nan,nan
fasterxml,jackson,com.fasterxml.jackson.databind.MapperFeature,nan,nan
io,swagger,io.swagger.v3.oas.models.links.LinkParameter,nan,nan
io,swagger,io.swagger.v3.core.resolving.resources.JsonViewObject,nan,nan
io,swagger,io.swagger.v3.core.resolving.SwaggerTestBase.mapper,nan,nan
io,swagger,io.swagger.v3.core.oas.models.ModelWithRanges,nan,nan
io,swagger,io.swagger.v3.core.oas.models.ApiFirstRequiredFieldModel,nan,nan
io,swagger,io.swagger.v3.core.oas.models.RequiredRefFieldModel,nan,nan
io,swagger,io.swagger.v3.core.oas.models.XmlFirstRequiredFieldModel,nan,nan
fasterxml,jackson,com.fasterxml.jackson.annotation.JsonPropertyOrder,nan,nan
io,swagger,io.swagger.v3.core.resolving.resources.Ticket2862Model,nan,nan
io,swagger,io.swagger.v3.core.resolving.resources.Ticket2884Model,nan,nan
io,swagger,io.swagger.v3.core.resolving.resources.Ticket2884ModelClass,nan,nan
io,swagger,io.swagger.v3.plugins.gradle.resources.model.Category,nan,nan
io,swagger,io.swagger.v3.plugins.gradle.resources.model.Tag,nan,nan
io,swagger,io.swagger.v3.core.resolving.resources.TestObject2915,nan,nan
io,swagger,io.swagger.v3.core.resolving.resources.TestObject2972,nan,nan
io,swagger,io.swagger.v3.core.resolving.resources.TestObject2992,nan,nan
io,swagger,io.swagger.v3.plugin.maven.resources.QueryResultBean,nan,nan
io,swagger,io.swagger.v3.plugin.maven.resources.data.PetData,nan,nan
io,swagger,io.swagger.v3.plugin.maven.resources.exception.NotFoundException,nan,nan
io,swagger,io.swagger.v3.plugin.maven.resources.model.Pet,nan,nan
io,swagger,io.swagger.v3.core.resolving.resources.TestObject3697,nan,nan
io,swagger,io.swagger.v3.core.resolving.resources.TestObject3699,nan,nan
io,swagger,io.swagger.v3.plugin.maven.resources.model.Category,nan,nan
io,swagger,io.swagger.v3.plugin.maven.resources.model.Tag,nan,nan
io,swagger,io.swagger.v3.plugin.maven.resources.model.User,nan,nan
fasterxml,jackson,com.fasterxml.jackson.annotation.JsonTypeInfo.Id.NAME,nan,nan
io,swagger,io.swagger.v3.core.resolving.resources.Issue4290,nan,nan
time,time,java.time.DayOfWeek,nan,nan
javax,xml,javax.xml.datatype.XMLGregorianCalendar,nan,nan
io,swagger,io.swagger.v3.core.oas.models.Address,nan,nan
io,swagger,io.swagger.v3.core.oas.models.Issue534,nan,nan
io,swagger,io.swagger.v3.core.oas.models.ModelWithJAXBAnnotations,nan,nan
io,swagger,io.swagger.v3.core.oas.models.xmltest.NestedModelWithJAXBAnnotations,nan,nan
fasterxml,jackson,com.fasterxml.jackson.dataformat.yaml.JacksonYAMLParseException,nan,nan
yaml,snakeyaml,org.yaml.snakeyaml.LoaderOptions,nan,nan
io,swagger,io.swagger.v3.core.oas.models.Car,nan,nan
io,swagger,io.swagger.v3.core.oas.models.Manufacturers,nan,nan
io,swagger,io.swagger.v3.core.oas.models.ReadOnlyModel,nan,nan
fasterxml,jackson,com.fasterxml.jackson.core.util.DefaultIndenter,nan,nan
fasterxml,jackson,com.fasterxml.jackson.databind.json.JsonMapper,nan,nan
io,io,java.io.Serializable,nan,nan
math,math,java.math.BigInteger,nan,nan
io,io,java.io.ByteArrayOutputStream,nan,nan
io,io,java.io.PrintStream,nan,nan
io,io,java.io.UnsupportedEncodingException,nan,nan
nio,charset,java.nio.charset.StandardCharsets,nan,nan
util,concurrent,java.util.concurrent.atomic.AtomicReference,nan,nan
commons,io,org.apache.commons.io.IOUtils,nan,nan
io,io,java.io.InputStream,nan,nan
maven,artifact,org.apache.maven.artifact.Artifact,nan,nan
maven,plugin,org.apache.maven.plugin.AbstractMojo,nan,nan
maven,plugin,org.apache.maven.plugin.MojoFailureException,nan,nan
maven,plugins,org.apache.maven.plugins.annotations.Component,nan,nan
maven,plugins,org.apache.maven.plugins.annotations.LifecyclePhase,nan,nan
maven,plugins,org.apache.maven.plugins.annotations.Mojo,nan,nan
maven,plugins,org.apache.maven.plugins.annotations.Parameter,nan,nan
maven,plugins,org.apache.maven.plugins.annotations.ResolutionScope,nan,nan
maven,project,org.apache.maven.project.MavenProject,nan,nan
maven,project,org.apache.maven.project.MavenProjectHelper,nan,nan
eclipse,transformer,org.eclipse.transformer.Transformer,nan,nan
eclipse,transformer,org.eclipse.transformer.jakarta.JakartaTransformer,nan,nan
io,swagger,io.swagger.v3.plugins.gradle.tasks.ResolveTask,nan,nan
gradle,api,org.gradle.api.Action,nan,nan
gradle,api,org.gradle.api.Plugin,nan,nan
gradle,api,org.gradle.api.Project,nan,nan
gradle,api,org.gradle.api.artifacts.Configuration,nan,nan
gradle,api,org.gradle.api.artifacts.DependencySet,nan,nan
gradle,api,org.gradle.api.tasks.SourceSetContainer,nan,nan
gradle,api,org.gradle.api.tasks.TaskProvider,nan,nan
lang,String,java.lang.String.format,nan,nan
gradle,testkit,org.gradle.testkit.runner.TaskOutcome.SUCCESS,nan,nan
io,io,java.io.BufferedWriter,nan,nan
io,io,java.io.FileWriter,nan,nan
nio,file,java.nio.file.Files,nan,nan
nio,file,java.nio.file.Path,nan,nan
nio,file,java.nio.file.Paths,nan,nan
gradle,testkit,org.gradle.testkit.runner.BuildResult,nan,nan
gradle,testkit,org.gradle.testkit.runner.GradleRunner,nan,nan
io,io,java.io.BufferedInputStream,nan,nan
io,io,java.io.FileOutputStream,nan,nan
io,io,java.io.FileInputStream,nan,nan
fasterxml,jackson,com.fasterxml.jackson.annotation.JsonAnyGetter,nan,nan
fasterxml,jackson,com.fasterxml.jackson.annotation.JsonAnySetter,nan,nan
io,io,java.io.OutputStreamWriter,nan,nan
nio,file,java.nio.file.CopyOption,nan,nan
nio,file,java.nio.file.FileSystem,nan,nan
nio,file,java.nio.file.FileSystems,nan,nan
nio,file,java.nio.file.FileVisitResult,nan,nan
nio,file,java.nio.file.LinkOption,nan,nan
io,swagger,io.swagger.v3.core.filter.OpenAPI31SpecFilter,nan,nan
nio,file,java.nio.file.SimpleFileVisitor,nan,nan
io,swagger,io.swagger.v3.core.jackson.PathsSerializer,nan,nan
nio,file,java.nio.file.StandardCopyOption,nan,nan
nio,file,java.nio.file.attribute.BasicFileAttributes,nan,nan
io,swagger,io.swagger.v3.oas.integration.api.ObjectMapperProcessor,nan,nan
io,swagger,io.swagger.v3.oas.integration.api.OpenApiConfigurationLoader,nan,nan
io,swagger,io.swagger.v3.oas.integration.api.OpenApiScanner,nan,nan
util,zip,java.util.zip.ZipEntry,nan,nan
util,zip,java.util.zip.ZipInputStream,nan,nan
util,zip,java.util.zip.ZipOutputStream,nan,nan
io,swagger,io.swagger.v3.oas.integration.api.OpenApiContextBuilder,nan,nan
io,github,io.github.classgraph.ClassGraph,nan,nan
io,github,io.github.classgraph.ScanResult,nan,nan
io,swagger,io.swagger.v3.oas.annotations.Webhooks,nan,nan
util,concurrent,java.util.concurrent.ConcurrentMap,nan,nan
io,swagger,io.swagger.v3.oas.integration.api.OpenAPIConfigBuilder,nan,nan
io,swagger,io.swagger.v3.java17.matchers.SerializationMatchers,nan,nan
io,swagger,io.swagger.v3.java17.resources.JavaRecordWithPathResource,nan,nan
io,swagger,io.swagger.v3.java17.resources.OtherJavaRecordWithPathsResource,nan,nan
io,swagger,io.swagger.v3.java17.resources.TestControllerWithRecordResource,nan,nan
io,swagger,io.swagger.v3.jaxrs2.Reader,nan,nan
io,swagger,io.swagger.v3.java17.resources.SchemaResolutionWithRecordSimpleResource,nan,nan
io,swagger,io.swagger.v3.java17.resources.SchemaResolutionWithRecordsResource,nan,nan
io,swagger,io.swagger.v3.jaxrs2.ResolvedParameter,nan,nan
io,swagger,io.swagger.v3.jaxrs2.DefaultParameterExtension,nan,nan
io,swagger,io.swagger.v3.jaxrs2.integration.api.JaxrsOpenApiScanner,nan,nan
io,swagger,io.swagger.v3.oas.integration.IgnoredPackages,nan,nan
io,swagger,io.swagger.v3.oas.integration.GenericOpenApiContext,nan,nan
io,swagger,io.swagger.v3.oas.integration.GenericOpenApiContextBuilder,nan,nan
io,swagger,io.swagger.v3.jaxrs2.util.ServletUtils,nan,nan
io,swagger,io.swagger.v3.oas.integration.ClasspathOpenApiConfigurationLoader,nan,nan
io,swagger,io.swagger.v3.oas.integration.FileOpenApiConfigurationLoader,nan,nan
io,swagger,io.swagger.v3.jaxrs2.integration.ServletConfigContextUtils.OPENAPI_CONFIGURATION_BUILDER_KEY,nan,nan
io,swagger,io.swagger.v3.jaxrs2.integration.ServletConfigContextUtils.OPENAPI_CONFIGURATION_CACHE_TTL_KEY,nan,nan
io,swagger,io.swagger.v3.jaxrs2.integration.ServletConfigContextUtils.OPENAPI_CONFIGURATION_FILTER_KEY,nan,nan
io,swagger,io.swagger.v3.jaxrs2.integration.ServletConfigContextUtils.OPENAPI_CONFIGURATION_OBJECT_MAPPER_PROCESSOR_KEY,nan,nan
io,swagger,io.swagger.v3.jaxrs2.integration.ServletConfigContextUtils.OPENAPI_CONFIGURATION_DEFAULT_RESPONSE_CODE_KEY,nan,nan
io,swagger,io.swagger.v3.jaxrs2.integration.ServletConfigContextUtils.OPENAPI_CONFIGURATION_GROUPS_VALIDATION_STRATEGY,nan,nan
io,swagger,io.swagger.v3.jaxrs2.integration.ServletConfigContextUtils.OPENAPI_CONFIGURATION_VALIDATOR_PROCESSOR_CLASS,nan,nan
io,swagger,io.swagger.v3.jaxrs2.integration.ServletConfigContextUtils.OPENAPI_CONFIGURATION_OPENAPI_31_KEY,nan,nan
io,swagger,io.swagger.v3.jaxrs2.integration.ServletConfigContextUtils.OPENAPI_CONFIGURATION_CONVERT_TO_OPENAPI_31_KEY,nan,nan
io,swagger,io.swagger.v3.jaxrs2.integration.ServletConfigContextUtils.OPENAPI_CONFIGURATION_PRETTYPRINT_KEY,nan,nan
io,swagger,io.swagger.v3.jaxrs2.integration.ServletConfigContextUtils.OPENAPI_CONFIGURATION_READALLRESOURCES_KEY,nan,nan
io,swagger,io.swagger.v3.jaxrs2.integration.ServletConfigContextUtils.OPENAPI_CONFIGURATION_READER_KEY,nan,nan
io,swagger,io.swagger.v3.jaxrs2.integration.ServletConfigContextUtils.OPENAPI_CONFIGURATION_SCANNER_KEY,nan,nan
io,swagger,io.swagger.v3.jaxrs2.integration.ServletConfigContextUtils.OPENAPI_CONFIGURATION_SCHEMA_RESOLUTION_KEY,nan,nan
io,swagger,io.swagger.v3.jaxrs2.integration.ServletConfigContextUtils.OPENAPI_CONFIGURATION_OPENAPI_VERSION_KEY,nan,nan
io,swagger,io.swagger.v3.jaxrs2.integration.ServletConfigContextUtils.OPENAPI_CONFIGURATION_SKIPRESOLVEAPPPATH_KEY,nan,nan
io,swagger,io.swagger.v3.jaxrs2.integration.ServletConfigContextUtils.OPENAPI_CONFIGURATION_SORTOUTPUT_KEY,nan,nan
io,swagger,io.swagger.v3.jaxrs2.integration.ServletConfigContextUtils.OPENAPI_CONFIGURATION_ALWAYSRESOLVEAPPPATH_KEY,nan,nan
io,swagger,io.swagger.v3.jaxrs2.integration.ServletConfigContextUtils.getBooleanInitParam,nan,nan
io,swagger,io.swagger.v3.jaxrs2.integration.ServletConfigContextUtils.getInitParam,nan,nan
io,swagger,io.swagger.v3.jaxrs2.integration.ServletConfigContextUtils.getLongInitParam,nan,nan
io,swagger,io.swagger.v3.jaxrs2.integration.ServletConfigContextUtils.resolveModelConverterClasses,nan,nan
io,swagger,io.swagger.v3.jaxrs2.integration.ServletConfigContextUtils.resolveResourceClasses,nan,nan
io,swagger,io.swagger.v3.jaxrs2.integration.ServletConfigContextUtils.resolveResourcePackages,nan,nan
io,swagger,io.swagger.v3.oas.integration.StringOpenApiConfigurationLoader,nan,nan
io,swagger,io.swagger.v3.jaxrs2.integration.api.WebOpenApiContext,nan,nan
javax,servlet,javax.servlet.ServletContext,nan,nan
util,util,java.util.LinkedList,nan,nan
javax,ws,javax.ws.rs.HttpMethod,nan,nan
javax,ws,javax.ws.rs.core.Context,nan,nan
javax,servlet,javax.servlet.http.Cookie,nan,nan
javax,ws,javax.ws.rs.core.MultivaluedHashMap,nan,nan
net,net,java.net.URLDecoder,nan,nan
jboss,arquillian,org.jboss.arquillian.container.test.api.Deployment,nan,nan
jboss,arquillian,org.jboss.arquillian.testng.Arquillian,nan,nan
jboss,shrinkwrap,org.jboss.shrinkwrap.api.ShrinkWrap,nan,nan
jboss,shrinkwrap,org.jboss.shrinkwrap.api.spec.JavaArchive,nan,nan
testng,testng,org.testng.AssertJUnit,nan,nan
io,swagger,io.swagger.v3.jaxrs2.SwaggerSerializers,nan,nan
io,swagger,io.swagger.v3.jaxrs2.integration.resources.OpenApiResource,nan,nan
javax,enterprise,javax.enterprise.inject.spi.Extension,nan,nan
javax,inject,javax.inject.Inject,nan,nan
javax,enterprise,javax.enterprise.event.Observes,nan,nan
javax,enterprise,javax.enterprise.inject.spi.AnnotatedType,nan,nan
javax,enterprise,javax.enterprise.inject.spi.ProcessAnnotatedType,nan,nan
javax,enterprise,javax.enterprise.inject.spi.WithAnnotations,nan,nan
my,project,org.my.project.resources.ResourceInPackageB,nan,nan
my,project,com.my.project.resources.ResourceInPackageA,nan,nan
io,restassured,io.restassured.http.ContentType,nan,nan
testng,testng,org.testng.SkipException,nan,nan
io,restassured,io.restassured.RestAssured.given,nan,nan
io,swagger,io.swagger.v3.jaxrs2.resources.QueryResultBean,nan,nan
io,swagger,io.swagger.v3.jaxrs2.resources.data.PetData,nan,nan
io,swagger,io.swagger.v3.jaxrs2.resources.exception.NotFoundException,nan,nan
io,swagger,io.swagger.v3.oas.annotations.Webhook,nan,nan
io,swagger,io.swagger.v3.jaxrs2.resources.model.Category,nan,nan
javax,ws,javax.ws.rs.core.UriInfo,nan,nan
io,swagger,io.swagger.v3.jaxrs2.resources.model.Item,nan,nan
javax,ws,javax.ws.rs.DefaultValue,nan,nan
io,swagger,io.swagger.v3.oas.annotations.enums.SecuritySchemeIn,nan,nan
io,swagger,io.swagger.v3.oas.annotations.enums.SecuritySchemeType,nan,nan
io,swagger,io.swagger.v3.oas.annotations.security.OAuthFlow,nan,nan
io,swagger,io.swagger.v3.oas.annotations.security.OAuthFlows,nan,nan
io,swagger,io.swagger.v3.oas.annotations.security.SecurityScheme,nan,nan
javax,ws,javax.ws.rs.core.SecurityContext,nan,nan
io,swagger,io.swagger.v3.jaxrs2.resources.data.UserData,nan,nan
io,swagger,io.swagger.v3.jaxrs2.resources.model.User,nan,nan
io,swagger,io.swagger.v3.jaxrs2.resources.model.ModelWithJsonIdentityCyclic,nan,nan
io,swagger,io.swagger.v3.jaxrs2.resources.model.ModelWithJsonIdentity,nan,nan
io,swagger,io.swagger.v3.jaxrs2.resources.model.MultipleBaseBean,nan,nan
io,swagger,io.swagger.v3.jaxrs2.ReaderListener,nan,nan
io,swagger,io.swagger.v3.oas.annotations.callbacks.Callback,nan,nan
io,swagger,io.swagger.v3.oas.annotations.callbacks.Callbacks,nan,nan
io,swagger,io.swagger.v3.jaxrs2.petstore.example.SubscriptionResponse,nan,nan
io,swagger,io.swagger.v3.oas.annotations.links.Link,nan,nan
io,swagger,io.swagger.v3.oas.annotations.responses.ApiResponses,nan,nan
io,swagger,io.swagger.v3.jaxrs2.resources.model.JacksonBean,nan,nan
io,swagger,io.swagger.v3.jaxrs2.resources.model.MultipleSub1Bean,nan,nan
io,swagger,io.swagger.v3.jaxrs2.resources.model.MultipleSub2Bean,nan,nan
io,swagger,io.swagger.v3.oas.annotations.servers.ServerVariable,nan,nan
io,swagger,io.swagger.v3.jaxrs2.resources.siblings.Pet,nan,nan
io,swagger,io.swagger.v3.jaxrs2.resources.siblings.PetSimple,nan,nan
io,swagger,io.swagger.v3.jaxrs2.resources.model.NotFoundModel,nan,nan
javax,ws,javax.ws.rs.WebApplicationException,nan,nan
lang,annotation,java.lang.annotation.ElementType,nan,nan
io,swagger,io.swagger.v3.oas.annotations.parameters.ValidatedParameter,nan,nan
javax,validation,javax.validation.Valid,nan,nan
glassfish,jersey,org.glassfish.jersey.media.multipart.FormDataContentDisposition,nan,nan
glassfish,jersey,org.glassfish.jersey.media.multipart.FormDataParam,nan,nan
javax,ws,javax.ws.rs.FormParam,nan,nan
io,swagger,io.swagger.v3.oas.annotations.enums.Explode.FALSE,nan,nan
io,swagger,io.swagger.v3.oas.annotations.enums.Explode.TRUE,nan,nan
io,swagger,io.swagger.v3.jaxrs2.resources.exception.ApiException,nan,nan
net,net,java.net.URLEncoder,nan,nan
nio,charset,java.nio.charset.StandardCharsets.UTF_8,nan,nan
javax,servlet,javax.servlet.ServletContainerInitializer,nan,nan
javax,servlet,javax.servlet.annotation.HandlesTypes,nan,nan
codehaus,plexus,org.codehaus.plexus.classworlds.realm.ClassRealm,nan,nan
codehaus,plexus,org.codehaus.plexus.component.annotations.Component,nan,nan
codehaus,plexus,org.codehaus.plexus.component.configurator.AbstractComponentConfigurator,nan,nan
codehaus,plexus,org.codehaus.plexus.component.configurator.ComponentConfigurationException,nan,nan
codehaus,plexus,org.codehaus.plexus.component.configurator.ComponentConfigurator,nan,nan
codehaus,plexus,org.codehaus.plexus.component.configurator.ConfigurationListener,nan,nan
codehaus,plexus,org.codehaus.plexus.component.configurator.converters.composite.ObjectWithFieldsConverter,nan,nan
codehaus,plexus,org.codehaus.plexus.component.configurator.expression.ExpressionEvaluationException,nan,nan
codehaus,plexus,org.codehaus.plexus.component.configurator.expression.ExpressionEvaluator,nan,nan
codehaus,plexus,org.codehaus.plexus.configuration.PlexusConfiguration,nan,nan
net,net,java.net.MalformedURLException,nan,nan
maven,plugin,org.apache.maven.plugin.MojoExecutionException,nan,nan
codehaus,plexus,org.codehaus.plexus.util.FileUtils,nan,nan
codehaus,plexus,org.codehaus.plexus.util.StringUtils,nan,nan
nio,charset,java.nio.charset.Charset,nan,nan
util,function,java.util.function.BiFunction,nan,nan
commons,lang3,org.apache.commons.lang3.RandomStringUtils,nan,nan
util,function,java.util.function.Consumer,nan,nan
maven,maven,org.apache.maven.DefaultMaven,nan,nan
maven,maven,org.apache.maven.Maven,nan,nan
maven,plugin,org.apache.maven.plugin.Mojo,nan,nan
maven,plugin,org.apache.maven.plugin.testing.AbstractMojoTestCase,nan,nan
maven,project,org.apache.maven.project.ProjectBuilder,nan,nan
maven,project,org.apache.maven.project.ProjectBuildingRequest,nan,nan
eclipse,aether,org.eclipse.aether.DefaultRepositorySystemSession,nan,nan
eclipse,aether,org.eclipse.aether.internal.impl.SimpleLocalRepositoryManagerFactory,nan,nan
eclipse,aether,org.eclipse.aether.repository.LocalRepository,nan,nan
io,swagger,io.swagger.v3.oas.models.annotations.OpenAPI31,nan,nan
io,swagger,io.swagger.v3.oas.annotations.OpenAPI31,nan,nan
io,swagger,io.swagger.v3.core.jackson.CallbackSerializer,nan,nan
fasterxml,jackson,com.fasterxml.jackson.annotation.JsonFormat,nan,nan
io,swagger,io.swagger.v3.core.jackson.ApiResponsesSerializer,nan,nan
io,swagger,io.swagger.v3.core.resolving.resources.BidimensionalArray,nan,nan
io,swagger,io.swagger.v3.core.converting.override.resources.GenericModel,nan,nan
io,swagger,io.swagger.v3.core.jackson.AbstractModelConverter,nan,nan
io,swagger,io.swagger.v3.core.converting.override.resources.MyCustomClass,nan,nan
io,swagger,io.swagger.v3.core.util.RefUtils.extractSimpleName,nan,nan
javax,annotation,javax.annotation.Nonnull,nan,nan
fasterxml,jackson,com.fasterxml.jackson.annotation.JsonInclude.Include,nan,nan
fasterxml,jackson,com.fasterxml.jackson.annotation.JsonRootName,nan,nan
fasterxml,jackson,com.fasterxml.jackson.annotation.JsonTypeInfo.As,nan,nan
fasterxml,jackson,com.fasterxml.jackson.annotation.JsonTypeInfo.Id,nan,nan
common,base,com.google.common.base.Optional,nan,nan
javax,xml,javax.xml.bind.annotation.XmlEnum,nan,nan
javax,xml,javax.xml.bind.annotation.XmlEnumValue,nan,nan
javax,xml,javax.xml.bind.annotation.XmlType,nan,nan
time,time,java.time.LocalDateTime,nan,nan
time,time,java.time.LocalTime,nan,nan
io,swagger,io.swagger.v3.core.resolving.SwaggerTestBase,nan,nan
io,swagger,io.swagger.v3.core.resolving.resources.TestArrayType,nan,nan
io,swagger,io.swagger.v3.core.resolving.resources.TestObject4715,nan,nan
io,swagger,io.swagger.v3.core.resolving.v31.model.AnnotatedArray,nan,nan
io,swagger,io.swagger.v3.core.resolving.v31.model.ModelWithDependentSchema,nan,nan
io,swagger,io.swagger.v3.core.resolving.v31.model.ModelWithOAS31Stuff,nan,nan
io,swagger,io.swagger.v3.core.resolving.v31.model.AnnotatedPet,nan,nan
io,swagger,io.swagger.v3.core.resolving.v31.model.AnnotatedPetSinglePatternProperty,nan,nan
io,swagger,io.swagger.v3.core.util.reflection.resources.Child,nan,nan
io,swagger,io.swagger.v3.core.util.reflection.resources.IParent,nan,nan
io,swagger,io.swagger.v3.core.util.reflection.resources.ObjectWithManyFields,nan,nan
io,swagger,io.swagger.v3.core.util.reflection.resources.Parent,nan,nan
gradle,api,org.gradle.api.DefaultTask,nan,nan
gradle,api,org.gradle.api.GradleException,nan,nan
gradle,api,org.gradle.api.file.ConfigurableFileCollection,nan,nan
gradle,api,org.gradle.api.file.DirectoryProperty,nan,nan
gradle,api,org.gradle.api.file.RegularFileProperty,nan,nan
gradle,api,org.gradle.api.provider.Property,nan,nan
gradle,api,org.gradle.api.provider.Provider,nan,nan
gradle,api,org.gradle.api.provider.SetProperty,nan,nan
jetbrains,annotations,org.jetbrains.annotations.Nullable,nan,nan
net,net,java.net.URLClassLoader,nan,nan
io,swagger,io.swagger.v3.plugins.gradle.resources.QueryResultBean,nan,nan
io,swagger,io.swagger.v3.plugins.gradle.resources.data.PetData,nan,nan
io,swagger,io.swagger.v3.plugins.gradle.resources.exception.NotFoundException,nan,nan
io,swagger,io.swagger.v3.plugins.gradle.resources.model.Pet,nan,nan
io,io,java.io.BufferedReader,nan,nan
io,io,java.io.InputStreamReader,nan,nan
io,swagger,io.swagger.v3.java17.resolving.SwaggerTestBase,nan,nan
javax,ws,javax.ws.rs.core.HttpHeaders,nan,nan
io,swagger,io.swagger.v3.oas.annotations.info.Contact,nan,nan
io,swagger,io.swagger.v3.oas.annotations.info.License,nan,nan
io,swagger,io.swagger.v3.oas.annotations.media.Encoding,nan,nan
io,swagger,io.swagger.v3.jaxrs2.resources.GenericResponsesResource,nan,nan
io,swagger,io.swagger.v3.jaxrs2.resources.HiddenAnnotatedUserResource,nan,nan
io,swagger,io.swagger.v3.jaxrs2.resources.HiddenUserResource,nan,nan
io,swagger,io.swagger.v3.jaxrs2.resources.PetResource,nan,nan
io,swagger,io.swagger.v3.jaxrs2.resources.PetResourceSlashesinPath,nan,nan
io,swagger,io.swagger.v3.jaxrs2.resources.SimpleUserResource,nan,nan
io,swagger,io.swagger.v3.jaxrs2.resources.UserResource,nan,nan
io,swagger,io.swagger.v3.jaxrs2.resources.ResourceWithJacksonBean,nan,nan
io,swagger,io.swagger.v3.jaxrs2.resources.ResourceWithKnownInjections,nan,nan
io,swagger,io.swagger.v3.jaxrs2.resources.ReaderListenerResource,nan,nan
io,swagger,io.swagger.v3.jaxrs2.it.resources.MultiPartFileResource,nan,nan
io,swagger,io.swagger.v3.jaxrs2.it.resources.OctetStreamResource,nan,nan
io,swagger,io.swagger.v3.jaxrs2.it.resources.UrlEncodedResource,nan,nan
javax,ws,javax.ws.rs.PATCH,nan,nan
io,swagger,io.swagger.v3.jaxrs2.it.model.Widget,nan,nan
javax,ws,javax.ws.rs.NotFoundException,nan,nan
io,swagger,io.swagger.v3.jaxrs2.resources.model.Tag,nan,nan
io,swagger,io.swagger.v3.jaxrs2.resources.model.ExtensionUser,nan,nan
